filepath,sounds
/home/s.kamboj.400/unzipped-coral/Paola/Degraded_Reef/April_2024_Pavonas/20240306_064200.WAV,{'bioph_cascading_saw'}
/home/s.kamboj.400/unzipped-coral/Paola/Degraded_Reef/April_2024_Pavonas/20240308_064400.WAV,{'bioph_cascading_saw'}
/home/s.kamboj.400/unzipped-coral/Paola/Non_Degraded_Reef/May_2025/20250317_102900.WAV,{'bioph_cascading_saw'}
/home/s.kamboj.400/unzipped-coral/Paola/Degraded_Reef/Feb_March_2024_Pavonas/20240227_220700.WAV,{'bioph_cascading_saw'}
/home/s.kamboj.400/unzipped-coral/Paola/Degraded_Reef/Pavonas_June2025/20250627_213215.WAV,{'bioph_cascading_saw'}
/home/s.kamboj.400/unzipped-coral/Paola/Degraded_Reef/Feb_March_2024_Pavonas/20240226_220700.WAV,{'bioph_holocentrus'}
/home/s.kamboj.400/unzipped-coral/Paola/Degraded_Reef/April_2024_Pavonas/20240308_123700.WAV,{'bioph_cascading_saw'}
/home/s.kamboj.400/unzipped-coral/Paola/Non_Degraded_Reef/July_2024/20240717_112600.WAV,{'bioph_cascading_saw'}
/home/s.kamboj.400/unzipped-coral/Paola/Non_Degraded_Reef/May_2025/20250319_151103.WAV,{'bioph_cascading_saw'}
/home/s.kamboj.400/unzipped-coral/Paola/Degraded_Reef/Feb_March_2024_Pavonas/20240228_040400.WAV,{'bioph_cascading_saw'}
/home/s.kamboj.400/unzipped-coral/Paola/Degraded_Reef/Pavonas_June2025/20250623_101620.WAV,{'bioph_cascading_saw'}
/home/s.kamboj.400/unzipped-coral/Paola/Degraded_Reef/Pavonas_June2025/20250628_062221.WAV,{'bioph_cascading_saw'}
/home/s.kamboj.400/unzipped-coral/Paola/Degraded_Reef/April_2024_Pavonas/20240308_203500.WAV,{'bioph_cascading_saw'}
/home/s.kamboj.400/unzipped-coral/Paola/Non_Degraded_Reef/July_2024/20240721_200400.WAV,{'bioph_cascading_saw'}
/home/s.kamboj.400/unzipped-coral/Paola/Non_Degraded_Reef/July_2024/20240721_064000.WAV,{'bioph_cascading_saw'}
/home/s.kamboj.400/unzipped-coral/Paola/Degraded_Reef/Feb_March_2024_Pavonas/20240228_014000.WAV,{'bioph_cascading_saw'}
/home/s.kamboj.400/unzipped-coral/Paola/Degraded_Reef/Pavonas_June2025/20250620_132019.WAV,{'bioph_cascading_saw'}
/home/s.kamboj.400/unzipped-coral/Paola/Non_Degraded_Reef/May_2025/20250320_151900.WAV,{'bioph_cascading_saw'}
/home/s.kamboj.400/unzipped-coral/Paola/Degraded_Reef/Feb_March_2024_Pavonas/20240228_150400.WAV,{'bioph_holocentrus'}
/home/s.kamboj.400/unzipped-coral/Paola/Degraded_Reef/Feb_March_2024_Pavonas/20240227_233000.WAV,{'bioph_cascading_saw'}
/home/s.kamboj.400/unzipped-coral/Paola/Degraded_Reef/Pavonas_June2025/20250625_075720.WAV,{'bioph_cascading_saw'}
/home/s.kamboj.400/unzipped-coral/Paola/Non_Degraded_Reef/May_2025/20250322_085300.WAV,{'bioph_cascading_saw'}
/home/s.kamboj.400/unzipped-coral/Paola/Non_Degraded_Reef/July_2024/20240718_141000.WAV,{'bioph_cascading_saw'}
/home/s.kamboj.400/unzipped-coral/Paola/Non_Degraded_Reef/May_2025/20250317_200300.WAV,{'bioph_cascading_saw'}
/home/s.kamboj.400/unzipped-coral/Paola/Non_Degraded_Reef/May_2025/20250314_074401.WAV,{'bioph_cascading_saw'}
/home/s.kamboj.400/unzipped-coral/Paola/Degraded_Reef/Feb_March_2024_Pavonas/20240228_222700.WAV,{'bioph_cascading_saw'}
/home/s.kamboj.400/unzipped-coral/Paola/Non_Degraded_Reef/July_2024/20240722_193000.WAV,{'bioph_cascading_saw'}
/home/s.kamboj.400/unzipped-coral/Paola/Degraded_Reef/April_2024_Pavonas/20240308_081000.WAV,{'bioph_cascading_saw'}
/home/s.kamboj.400/unzipped-coral/Paola/Degraded_Reef/Pavonas_June2025/20250627_060220.WAV,{'bioph_cascading_saw'}
/home/s.kamboj.400/unzipped-coral/Paola/Degraded_Reef/Pavonas_June2025/20250620_130619.WAV,{'bioph_cascading_saw'}
/home/s.kamboj.400/unzipped-coral/Paola/Degraded_Reef/Pavonas_June2025/20250626_131820.WAV,{'bioph_cascading_saw'}
/home/s.kamboj.400/unzipped-coral/Paola/Degraded_Reef/Feb_March_2024_Pavonas/20240228_061200.WAV,{'bioph_cascading_saw'}
/home/s.kamboj.400/unzipped-coral/Paola/Degraded_Reef/Pavonas_June2025/20250620_235218.WAV,{'bioph_cascading_saw'}
/home/s.kamboj.400/unzipped-coral/Paola/Degraded_Reef/Feb_March_2024_Pavonas/20240227_105700.WAV,{'bioph_holocentrus'}
/home/s.kamboj.400/unzipped-coral/Paola/Non_Degraded_Reef/May_2025/20250319_150600.WAV,{'bioph_cascading_saw'}
/home/s.kamboj.400/unzipped-coral/Paola/Degraded_Reef/Feb_March_2024_Pavonas/20240227_071500.WAV,{'bioph_cascading_saw'}
/home/s.kamboj.400/unzipped-coral/Paola/Degraded_Reef/Pavonas_June2025/20250619_211919.WAV,{'bioph_cascading_saw'}
/home/s.kamboj.400/unzipped-coral/Paola/Degraded_Reef/Feb_March_2024_Pavonas/20240228_084600.WAV,{'bioph_cascading_saw'}
/home/s.kamboj.400/unzipped-coral/Paola/Non_Degraded_Reef/May_2025/20250314_071300.WAV,{'bioph_grouper_a'}
/home/s.kamboj.400/unzipped-coral/Paola/Degraded_Reef/April_2024_Pavonas/20240308_234500.WAV,{'bioph_cascading_saw'}
/home/s.kamboj.400/unzipped-coral/Paola/Degraded_Reef/Pavonas_June2025/20250619_085918.WAV,{'bioph_cascading_saw'}
/home/s.kamboj.400/unzipped-coral/Paola/Degraded_Reef/Pavonas_June2025/20250627_103424.WAV,"{'bioph_cascading_saw', 'bioph_grouper_a'}"
/home/s.kamboj.400/unzipped-coral/Paola/Non_Degraded_Reef/July_2024/20240718_122800.WAV,"{'bioph_cascading_saw', 'bioph_knock_croak_b'}"
/home/s.kamboj.400/unzipped-coral/Paola/Non_Degraded_Reef/May_2025/20250318_182700.WAV,{'bioph_cascading_saw'}
/home/s.kamboj.400/unzipped-coral/Paola/Degraded_Reef/Pavonas_June2025/20250620_111518.WAV,{'bioph_cascading_saw'}
/home/s.kamboj.400/unzipped-coral/Paola/Non_Degraded_Reef/May_2025/20250322_234300.WAV,{'bioph_cascading_saw'}
/home/s.kamboj.400/unzipped-coral/Paola/Degraded_Reef/Pavonas_June2025/20250626_130820.WAV,{'bioph_cascading_saw'}
/home/s.kamboj.400/unzipped-coral/Paola/Non_Degraded_Reef/May_2025/20250318_164800.WAV,{'bioph_cascading_saw'}
/home/s.kamboj.400/unzipped-coral/Paola/Non_Degraded_Reef/May_2025/20250319_130003.WAV,{'bioph_cascading_saw'}
/home/s.kamboj.400/unzipped-coral/Paola/Non_Degraded_Reef/May_2025/20250321_083400.WAV,{'bioph_cascading_saw'}
/home/s.kamboj.400/unzipped-coral/Paola/Degraded_Reef/April_2024_Pavonas/20240308_215500.WAV,{'bioph_cascading_saw'}
/home/s.kamboj.400/unzipped-coral/Paola/Degraded_Reef/Pavonas_June2025/20250626_211621.WAV,"{'bioph_cascading_saw', 'bioph_mycbon'}"
/home/s.kamboj.400/unzipped-coral/Paola/Degraded_Reef/Feb_March_2024_Pavonas/20240227_041800.WAV,{'bioph_cascading_saw'}
/home/s.kamboj.400/unzipped-coral/Paola/Degraded_Reef/Pavonas_June2025/20250626_135220.WAV,{'bioph_cascading_saw'}
/home/s.kamboj.400/unzipped-coral/Paola/Degraded_Reef/April_2024_Pavonas/20240308_234600.WAV,{'bioph_cascading_saw'}
/home/s.kamboj.400/unzipped-coral/Paola/Non_Degraded_Reef/May_2025/20250322_083700.WAV,{'bioph_cascading_saw'}
/home/s.kamboj.400/unzipped-coral/Paola/Degraded_Reef/Pavonas_June2025/20250626_155619.WAV,{'bioph_cascading_saw'}
/home/s.kamboj.400/unzipped-coral/Paola/Non_Degraded_Reef/July_2024/20240716_130600.WAV,{'bioph_cascading_saw'}
/home/s.kamboj.400/unzipped-coral/Paola/Non_Degraded_Reef/May_2025/20250321_235605.WAV,{'bioph_cascading_saw'}
/home/s.kamboj.400/unzipped-coral/Paola/Degraded_Reef/Pavonas_June2025/20250619_162719.WAV,{'bioph_cascading_saw'}
/home/s.kamboj.400/unzipped-coral/Paola/Degraded_Reef/Pavonas_June2025/20250619_231318.WAV,{'bioph_cascading_saw'}
/home/s.kamboj.400/unzipped-coral/Paola/Degraded_Reef/Pavonas_June2025/20250622_221519.WAV,{'bioph_cascading_saw'}
/home/s.kamboj.400/unzipped-coral/Paola/Non_Degraded_Reef/May_2025/20250315_235100.WAV,{'bioph_cascading_saw'}
/home/s.kamboj.400/unzipped-coral/Paola/Degraded_Reef/Pavonas_June2025/20250619_063218.WAV,{'bioph_cascading_saw'}
/home/s.kamboj.400/unzipped-coral/Paola/Non_Degraded_Reef/May_2025/20250319_090600.WAV,{'bioph_cascading_saw'}
/home/s.kamboj.400/unzipped-coral/Paola/Degraded_Reef/Pavonas_June2025/20250626_092524.WAV,{'bioph_cascading_saw'}
/home/s.kamboj.400/unzipped-coral/Paola/Non_Degraded_Reef/May_2025/20250315_134400.WAV,{'bioph_cascading_saw'}
/home/s.kamboj.400/unzipped-coral/Paola/Degraded_Reef/April_2024_Pavonas/20240306_163300.WAV,{'bioph_cascading_saw'}
/home/s.kamboj.400/unzipped-coral/Paola/Degraded_Reef/Pavonas_June2025/20250622_064019.WAV,{'bioph_cascading_saw'}
/home/s.kamboj.400/unzipped-coral/Paola/Degraded_Reef/April_2024_Pavonas/20240307_173300.WAV,{'bioph_cascading_saw'}
/home/s.kamboj.400/unzipped-coral/Paola/Non_Degraded_Reef/May_2025/20250317_094200.WAV,{'bioph_cascading_saw'}
/home/s.kamboj.400/unzipped-coral/Paola/Degraded_Reef/April_2024_Pavonas/20240307_214100.WAV,{'bioph_cascading_saw'}
/home/s.kamboj.400/unzipped-coral/Paola/Non_Degraded_Reef/July_2024/20240721_130800.WAV,{'bioph_cascading_saw'}
/home/s.kamboj.400/unzipped-coral/Paola/Degraded_Reef/Pavonas_June2025/20250623_145119.WAV,{'bioph_cascading_saw'}
/home/s.kamboj.400/unzipped-coral/Paola/Degraded_Reef/Feb_March_2024_Pavonas/20240228_045600.WAV,"{'bioph_cascading_saw', 'bioph_holocentrus'}"
/home/s.kamboj.400/unzipped-coral/Paola/Non_Degraded_Reef/May_2025/20250320_080100.WAV,{'bioph_cascading_saw'}
/home/s.kamboj.400/unzipped-coral/Paola/Degraded_Reef/April_2024_Pavonas/20240307_181500.WAV,{'bioph_cascading_saw'}
/home/s.kamboj.400/unzipped-coral/Paola/Non_Degraded_Reef/May_2025/20250320_145800.WAV,{'bioph_cascading_saw'}
/home/s.kamboj.400/unzipped-coral/Paola/Degraded_Reef/Pavonas_June2025/20250627_062816.WAV,"{'bioph_cascading_saw', 'bioph'}"
/home/s.kamboj.400/unzipped-coral/Paola/Degraded_Reef/Pavonas_June2025/20250626_214115.WAV,{'bioph'}
/home/s.kamboj.400/unzipped-coral/Paola/Degraded_Reef/Pavonas_June2025/20250626_183621.WAV,{'bioph_cascading_saw'}
/home/s.kamboj.400/unzipped-coral/Paola/Degraded_Reef/Feb_March_2024_Pavonas/20240228_202300.WAV,{'bioph_cascading_saw'}
/home/s.kamboj.400/unzipped-coral/Paola/Degraded_Reef/Feb_March_2024_Pavonas/20240228_121400.WAV,"{'bioph_cascading_saw', 'bioph_croak'}"
/home/s.kamboj.400/unzipped-coral/Paola/Non_Degraded_Reef/July_2024/20240724_121800.WAV,{'bioph_cascading_saw'}
/home/s.kamboj.400/unzipped-coral/Paola/Degraded_Reef/Pavonas_June2025/20250622_190519.WAV,{'bioph'}
/home/s.kamboj.400/unzipped-coral/Paola/Non_Degraded_Reef/May_2025/20250316_100300.WAV,{'bioph_cascading_saw'}
/home/s.kamboj.400/unzipped-coral/Paola/Degraded_Reef/Pavonas_June2025/20250623_215517.WAV,{'bioph_cascading_saw'}
/home/s.kamboj.400/unzipped-coral/Paola/Degraded_Reef/Pavonas_June2025/20250628_065521.WAV,{'bioph_mycbon'}
/home/s.kamboj.400/unzipped-coral/Paola/Non_Degraded_Reef/July_2024/20240722_090400.WAV,"{'bioph_cascading_saw', 'bioph_knock_croak_b'}"
/home/s.kamboj.400/unzipped-coral/Paola/Non_Degraded_Reef/May_2025/20250317_100900.WAV,{'bioph_cascading_saw'}
/home/s.kamboj.400/unzipped-coral/Paola/Degraded_Reef/April_2024_Pavonas/20240306_223100.WAV,{'bioph_cascading_saw'}
/home/s.kamboj.400/unzipped-coral/Paola/Non_Degraded_Reef/July_2024/20240718_195800.WAV,{'bioph_cascading_saw'}
/home/s.kamboj.400/unzipped-coral/Paola/Non_Degraded_Reef/May_2025/20250320_131600.WAV,{'bioph_cascading_saw'}
/home/s.kamboj.400/unzipped-coral/Paola/Degraded_Reef/Pavonas_June2025/20250624_205420.WAV,{'bioph_growl'}
/home/s.kamboj.400/unzipped-coral/Paola/Degraded_Reef/Pavonas_June2025/20250627_103721.WAV,{'bioph_cascading_saw'}
/home/s.kamboj.400/unzipped-coral/Paola/Non_Degraded_Reef/May_2025/20250322_140500.WAV,{'bioph_cascading_saw'}
/home/s.kamboj.400/unzipped-coral/Paola/Degraded_Reef/Pavonas_June2025/20250625_232820.WAV,{'bioph_cascading_saw'}
/home/s.kamboj.400/unzipped-coral/Paola/Non_Degraded_Reef/May_2025/20250317_093300.WAV,{'bioph_cascading_saw'}
/home/s.kamboj.400/unzipped-coral/Paola/Degraded_Reef/Pavonas_June2025/20250626_143320.WAV,{'bioph_cascading_saw'}
/home/s.kamboj.400/unzipped-coral/Paola/Degraded_Reef/Feb_March_2024_Pavonas/20240228_030300.WAV,{'bioph_cascading_saw'}
/home/s.kamboj.400/unzipped-coral/Paola/Non_Degraded_Reef/May_2025/20250314_210500.WAV,{'bioph_stridulation'}
/home/s.kamboj.400/unzipped-coral/Paola/Degraded_Reef/Pavonas_June2025/20250622_090719.WAV,{'bioph'}
/home/s.kamboj.400/unzipped-coral/Paola/Degraded_Reef/Feb_March_2024_Pavonas/20240226_214800.WAV,"{'bioph', 'bioph_holocentrus'}"
/home/s.kamboj.400/unzipped-coral/Paola/Degraded_Reef/Pavonas_June2025/20250619_194218.WAV,{'bioph_holocentrus'}
/home/s.kamboj.400/unzipped-coral/Paola/Degraded_Reef/Pavonas_June2025/20250621_070818.WAV,"{'bioph_cascading_saw', 'bioph'}"
/home/s.kamboj.400/unzipped-coral/Paola/Degraded_Reef/Feb_March_2024_Pavonas/20240229_214500.WAV,{'bioph_cascading_saw'}
/home/s.kamboj.400/unzipped-coral/Paola/Degraded_Reef/April_2024_Pavonas/20240306_053500.WAV,{'bioph_cascading_saw'}
/home/s.kamboj.400/unzipped-coral/Paola/Non_Degraded_Reef/May_2025/20250318_215700.WAV,{'bioph_cascading_saw'}
/home/s.kamboj.400/unzipped-coral/Paola/Non_Degraded_Reef/May_2025/20250321_092900.WAV,{'bioph_cascading_saw'}
/home/s.kamboj.400/unzipped-coral/Paola/Non_Degraded_Reef/July_2024/20240718_095200.WAV,{'bioph_cascading_saw'}
/home/s.kamboj.400/unzipped-coral/Paola/Non_Degraded_Reef/July_2024/20240718_104600.WAV,{'bioph_cascading_saw'}
/home/s.kamboj.400/unzipped-coral/Paola/Degraded_Reef/Feb_March_2024_Pavonas/20240227_041900.WAV,{'bioph_cascading_saw'}
/home/s.kamboj.400/unzipped-coral/Paola/Degraded_Reef/Pavonas_June2025/20250619_073818.WAV,"{'bioph_damselfish', 'bioph_low_growl'}"
/home/s.kamboj.400/unzipped-coral/Paola/Non_Degraded_Reef/July_2024/20240718_152200.WAV,{'bioph_cascading_saw'}
/home/s.kamboj.400/unzipped-coral/Paola/Degraded_Reef/Pavonas_June2025/20250625_183923.WAV,{'bioph_cascading_saw'}
/home/s.kamboj.400/unzipped-coral/Paola/Non_Degraded_Reef/May_2025/20250318_080800.WAV,{'bioph_cascading_saw'}
/home/s.kamboj.400/unzipped-coral/Paola/Degraded_Reef/April_2024_Pavonas/20240306_162100.WAV,{'bioph_cascading_saw'}
/home/s.kamboj.400/unzipped-coral/Paola/Non_Degraded_Reef/May_2025/20250322_082301.WAV,{'bioph_cascading_saw'}
/home/s.kamboj.400/unzipped-coral/Paola/Degraded_Reef/April_2024_Pavonas/20240309_001400.WAV,{'bioph_cascading_saw'}
/home/s.kamboj.400/unzipped-coral/Paola/Non_Degraded_Reef/May_2025/20250316_213101.WAV,{'bioph'}
/home/s.kamboj.400/unzipped-coral/Paola/Degraded_Reef/April_2024_Pavonas/20240309_005800.WAV,{'bioph_cascading_saw'}
/home/s.kamboj.400/unzipped-coral/Paola/Non_Degraded_Reef/May_2025/20250318_091100.WAV,{'bioph_cascading_saw'}
/home/s.kamboj.400/unzipped-coral/Paola/Degraded_Reef/Pavonas_June2025/20250622_135118.WAV,{'bioph_cascading_saw'}
/home/s.kamboj.400/unzipped-coral/Paola/Non_Degraded_Reef/May_2025/20250322_111000.WAV,{'bioph_cascading_saw'}
/home/s.kamboj.400/unzipped-coral/Paola/Non_Degraded_Reef/May_2025/20250319_124600.WAV,{'bioph_cascading_saw'}
/home/s.kamboj.400/unzipped-coral/Paola/Degraded_Reef/Pavonas_June2025/20250627_083824.WAV,"{'bioph_cascading_saw', 'bioph'}"
/home/s.kamboj.400/unzipped-coral/Paola/Non_Degraded_Reef/May_2025/20250320_093000.WAV,{'bioph_cascading_saw'}
/home/s.kamboj.400/unzipped-coral/Paola/Degraded_Reef/Pavonas_June2025/20250622_121919.WAV,{'bioph'}
/home/s.kamboj.400/unzipped-coral/Paola/Non_Degraded_Reef/May_2025/20250318_182500.WAV,{'bioph_cascading_saw'}
/home/s.kamboj.400/unzipped-coral/Paola/Degraded_Reef/April_2024_Pavonas/20240307_055400.WAV,{'bioph_cascading_saw'}
/home/s.kamboj.400/unzipped-coral/Paola/Degraded_Reef/April_2024_Pavonas/20240308_192900.WAV,{'bioph_cascading_saw'}
/home/s.kamboj.400/unzipped-coral/Paola/Degraded_Reef/Feb_March_2024_Pavonas/20240227_050000.WAV,{'bioph_cascading_saw'}
/home/s.kamboj.400/unzipped-coral/Paola/Non_Degraded_Reef/May_2025/20250320_144000.WAV,{'bioph_cascading_saw'}
/home/s.kamboj.400/unzipped-coral/Paola/Non_Degraded_Reef/May_2025/20250320_170700.WAV,{'bioph_cascading_saw'}
/home/s.kamboj.400/unzipped-coral/Paola/Degraded_Reef/Feb_March_2024_Pavonas/20240227_170500.WAV,{'bioph_cascading_saw'}
/home/s.kamboj.400/unzipped-coral/Paola/Non_Degraded_Reef/May_2025/20250321_104900.WAV,{'bioph_cascading_saw'}
/home/s.kamboj.400/unzipped-coral/Paola/Non_Degraded_Reef/May_2025/20250322_215500.WAV,{'bioph_cascading_saw'}
/home/s.kamboj.400/unzipped-coral/Paola/Degraded_Reef/Pavonas_June2025/20250628_124821.WAV,{'bioph_pulse'}
/home/s.kamboj.400/unzipped-coral/Paola/Non_Degraded_Reef/July_2024/20240721_100800.WAV,"{'bioph_cascading_saw', 'bioph'}"
/home/s.kamboj.400/unzipped-coral/Paola/Degraded_Reef/Feb_March_2024_Pavonas/20240226_194400.WAV,"{'bioph_cascading_saw', 'bioph_holocentrus'}"
/home/s.kamboj.400/unzipped-coral/Paola/Non_Degraded_Reef/May_2025/20250321_180500.WAV,{'bioph_cascading_saw'}
/home/s.kamboj.400/unzipped-coral/Paola/Degraded_Reef/Pavonas_June2025/20250621_104618.WAV,{'bioph_cascading_saw'}
/home/s.kamboj.400/unzipped-coral/Paola/Degraded_Reef/Pavonas_June2025/20250624_204320.WAV,{'bioph_cascading_saw'}
/home/s.kamboj.400/unzipped-coral/Paola/Non_Degraded_Reef/May_2025/20250317_091900.WAV,{'bioph_cascading_saw'}
/home/s.kamboj.400/unzipped-coral/Paola/Non_Degraded_Reef/May_2025/20250316_173800.WAV,{'bioph_cascading_saw'}
/home/s.kamboj.400/unzipped-coral/Paola/Degraded_Reef/Feb_March_2024_Pavonas/20240301_004000.WAV,{'bioph_holocentrus'}
/home/s.kamboj.400/unzipped-coral/Paola/Degraded_Reef/Feb_March_2024_Pavonas/20240228_032100.WAV,{'bioph_cascading_saw'}
/home/s.kamboj.400/unzipped-coral/Paola/Non_Degraded_Reef/May_2025/20250320_133300.WAV,{'bioph_cascading_saw'}
/home/s.kamboj.400/unzipped-coral/Paola/Non_Degraded_Reef/July_2024/20240721_164800.WAV,{'bioph_cascading_saw'}
/home/s.kamboj.400/unzipped-coral/Paola/Non_Degraded_Reef/May_2025/20250321_141904.WAV,{'bioph_cascading_saw'}
/home/s.kamboj.400/unzipped-coral/Paola/Degraded_Reef/April_2024_Pavonas/20240308_163400.WAV,{'bioph_cascading_saw'}
/home/s.kamboj.400/unzipped-coral/Paola/Non_Degraded_Reef/May_2025/20250317_150700.WAV,{'bioph_cascading_saw'}
/home/s.kamboj.400/unzipped-coral/Paola/Non_Degraded_Reef/May_2025/20250321_070800.WAV,{'bioph_cascading_saw'}
/home/s.kamboj.400/unzipped-coral/Paola/Non_Degraded_Reef/July_2024/20240722_151600.WAV,{'bioph_cascading_saw'}
/home/s.kamboj.400/unzipped-coral/Paola/Degraded_Reef/April_2024_Pavonas/20240309_170400.WAV,{'bioph_cascading_saw'}
/home/s.kamboj.400/unzipped-coral/Paola/Non_Degraded_Reef/May_2025/20250322_200200.WAV,{'bioph_cascading_saw'}
/home/s.kamboj.400/unzipped-coral/Paola/Degraded_Reef/April_2024_Pavonas/20240309_141700.WAV,{'bioph_cascading_saw'}
/home/s.kamboj.400/unzipped-coral/Paola/Non_Degraded_Reef/July_2024/20240717_111000.WAV,{'bioph_cascading_saw'}
/home/s.kamboj.400/unzipped-coral/Paola/Degraded_Reef/Pavonas_June2025/20250620_104318.WAV,{'bioph_cascading_saw'}
/home/s.kamboj.400/unzipped-coral/Paola/Degraded_Reef/Pavonas_June2025/20250626_193115.WAV,{'bioph_cascading_saw'}
/home/s.kamboj.400/unzipped-coral/Paola/Degraded_Reef/April_2024_Pavonas/20240306_083200.WAV,{'bioph_cascading_saw'}
/home/s.kamboj.400/unzipped-coral/Paola/Degraded_Reef/April_2024_Pavonas/20240309_234300.WAV,{'bioph_cascading_saw'}
/home/s.kamboj.400/unzipped-coral/Paola/Non_Degraded_Reef/May_2025/20250319_223400.WAV,{'bioph_cascading_saw'}
/home/s.kamboj.400/unzipped-coral/Paola/Degraded_Reef/Feb_March_2024_Pavonas/20240229_111200.WAV,{'bioph_cascading_saw'}
/home/s.kamboj.400/unzipped-coral/Paola/Non_Degraded_Reef/May_2025/20250320_085600.WAV,{'bioph_cascading_saw'}
/home/s.kamboj.400/unzipped-coral/Paola/Non_Degraded_Reef/May_2025/20250316_192600.WAV,{'bioph_cascading_saw'}
/home/s.kamboj.400/unzipped-coral/Paola/Degraded_Reef/Feb_March_2024_Pavonas/20240226_225200.WAV,{'bioph_holocentrus'}
/home/s.kamboj.400/unzipped-coral/Paola/Non_Degraded_Reef/May_2025/20250316_235500.WAV,{'bioph_cascading_saw'}
/home/s.kamboj.400/unzipped-coral/Paola/Degraded_Reef/Pavonas_June2025/20250619_233418.WAV,{'bioph_damselfish'}
/home/s.kamboj.400/unzipped-coral/Paola/Non_Degraded_Reef/May_2025/20250319_081600.WAV,{'bioph_cascading_saw'}
/home/s.kamboj.400/unzipped-coral/Paola/Degraded_Reef/Feb_March_2024_Pavonas/20240227_033800.WAV,{'bioph_cascading_saw'}
/home/s.kamboj.400/unzipped-coral/Paola/Non_Degraded_Reef/July_2024/20240720_133400.WAV,{'bioph_cascading_saw'}
/home/s.kamboj.400/unzipped-coral/Paola/Non_Degraded_Reef/May_2025/20250318_081900.WAV,{'bioph_cascading_saw'}
/home/s.kamboj.400/unzipped-coral/Paola/Non_Degraded_Reef/July_2024/20240722_155400.WAV,{'bioph_cascading_saw'}
/home/s.kamboj.400/unzipped-coral/Paola/Degraded_Reef/Feb_March_2024_Pavonas/20240227_021100.WAV,"{'bioph_cascading_saw', 'bioph_holocentrus'}"
/home/s.kamboj.400/unzipped-coral/Paola/Degraded_Reef/April_2024_Pavonas/20240307_000900.WAV,{'bioph_cascading_saw'}
/home/s.kamboj.400/unzipped-coral/Paola/Non_Degraded_Reef/July_2024/20240720_194800.WAV,{'bioph_cascading_saw'}
/home/s.kamboj.400/unzipped-coral/Paola/Non_Degraded_Reef/May_2025/20250323_070000.WAV,{'bioph_cascading_saw'}
/home/s.kamboj.400/unzipped-coral/Paola/Non_Degraded_Reef/May_2025/20250318_113700.WAV,{'bioph_cascading_saw'}
/home/s.kamboj.400/unzipped-coral/Paola/Non_Degraded_Reef/May_2025/20250320_175600.WAV,{'bioph_cascading_saw'}
/home/s.kamboj.400/unzipped-coral/Paola/Non_Degraded_Reef/May_2025/20250321_151700.WAV,{'bioph_cascading_saw'}
/home/s.kamboj.400/unzipped-coral/Paola/Non_Degraded_Reef/May_2025/20250323_061600.WAV,{'bioph_cascading_saw'}
/home/s.kamboj.400/unzipped-coral/Paola/Degraded_Reef/Feb_March_2024_Pavonas/20240227_093600.WAV,{'bioph_cascading_saw'}
/home/s.kamboj.400/unzipped-coral/Paola/Non_Degraded_Reef/July_2024/20240723_140000.WAV,{'bioph'}
/home/s.kamboj.400/unzipped-coral/Paola/Degraded_Reef/Feb_March_2024_Pavonas/20240228_132000.WAV,{'bioph_holocentrus'}
/home/s.kamboj.400/unzipped-coral/Paola/Degraded_Reef/Feb_March_2024_Pavonas/20240228_222500.WAV,{'bioph_cascading_saw'}
/home/s.kamboj.400/unzipped-coral/Paola/Degraded_Reef/Feb_March_2024_Pavonas/20240229_092000.WAV,"{'bioph_cascading_saw', 'bioph_croak'}"
/home/s.kamboj.400/unzipped-coral/Paola/Degraded_Reef/Feb_March_2024_Pavonas/20240227_004200.WAV,"{'bioph_cascading_saw', 'bioph_holocentrus'}"
/home/s.kamboj.400/unzipped-coral/Paola/Non_Degraded_Reef/May_2025/20250317_132500.WAV,{'bioph_cascading_saw'}
/home/s.kamboj.400/unzipped-coral/Paola/Degraded_Reef/Feb_March_2024_Pavonas/20240228_111200.WAV,"{'bioph_cascading_saw', 'bioph'}"
/home/s.kamboj.400/unzipped-coral/Paola/Degraded_Reef/Pavonas_June2025/20250622_203919.WAV,{'bioph_cascading_saw'}
/home/s.kamboj.400/unzipped-coral/Paola/Degraded_Reef/Pavonas_June2025/20250622_071519.WAV,"{'bioph_cascading_saw', 'bioph_pulse'}"
/home/s.kamboj.400/unzipped-coral/Paola/Non_Degraded_Reef/May_2025/20250322_140100.WAV,{'bioph_cascading_saw'}
/home/s.kamboj.400/unzipped-coral/Paola/Non_Degraded_Reef/May_2025/20250320_182600.WAV,{'bioph_cascading_saw'}
/home/s.kamboj.400/unzipped-coral/Paola/Non_Degraded_Reef/July_2024/20240718_170200.WAV,"{'bioph_cascading_saw', 'bioph'}"
/home/s.kamboj.400/unzipped-coral/Paola/Degraded_Reef/April_2024_Pavonas/20240308_204600.WAV,{'bioph_cascading_saw'}
/home/s.kamboj.400/unzipped-coral/Paola/Degraded_Reef/Pavonas_June2025/20250626_170724.WAV,{'bioph_cascading_saw'}
/home/s.kamboj.400/unzipped-coral/Paola/Degraded_Reef/Feb_March_2024_Pavonas/20240229_123600.WAV,"{'bioph_cascading_saw', 'bioph'}"
/home/s.kamboj.400/unzipped-coral/Paola/Degraded_Reef/April_2024_Pavonas/20240307_152700.WAV,{'bioph_cascading_saw'}
/home/s.kamboj.400/unzipped-coral/Paola/Degraded_Reef/Feb_March_2024_Pavonas/20240227_161100.WAV,{'bioph_croak'}
/home/s.kamboj.400/unzipped-coral/Paola/Degraded_Reef/Pavonas_June2025/20250619_102618.WAV,"{'bioph_cascading_saw', 'bioph_low_growl'}"
/home/s.kamboj.400/unzipped-coral/Paola/Non_Degraded_Reef/July_2024/20240720_062000.WAV,{'bioph_grouper_a'}
/home/s.kamboj.400/unzipped-coral/Paola/Non_Degraded_Reef/May_2025/20250319_163403.WAV,{'bioph_cascading_saw'}
/home/s.kamboj.400/unzipped-coral/Paola/Non_Degraded_Reef/May_2025/20250322_174300.WAV,{'bioph_cascading_saw'}
/home/s.kamboj.400/unzipped-coral/Paola/Non_Degraded_Reef/May_2025/20250320_182100.WAV,{'bioph_cascading_saw'}
/home/s.kamboj.400/unzipped-coral/Paola/Non_Degraded_Reef/May_2025/20250322_163100.WAV,{'bioph_cascading_saw'}
/home/s.kamboj.400/unzipped-coral/Paola/Non_Degraded_Reef/May_2025/20250315_082100.WAV,{'bioph_cascading_saw'}
/home/s.kamboj.400/unzipped-coral/Paola/Degraded_Reef/Pavonas_June2025/20250626_160219.WAV,{'bioph_cascading_saw'}
/home/s.kamboj.400/unzipped-coral/Paola/Non_Degraded_Reef/July_2024/20240720_182400.WAV,"{'bioph_cascading_saw', 'bioph_knock_croak_b'}"
/home/s.kamboj.400/unzipped-coral/Paola/Degraded_Reef/Pavonas_June2025/20250624_081819.WAV,{'bioph_cascading_saw'}
/home/s.kamboj.400/unzipped-coral/Paola/Degraded_Reef/April_2024_Pavonas/20240307_090900.WAV,{'bioph_cascading_saw'}
/home/s.kamboj.400/unzipped-coral/Paola/Degraded_Reef/April_2024_Pavonas/20240306_012000.WAV,{'bioph_cascading_saw'}
/home/s.kamboj.400/unzipped-coral/Paola/Degraded_Reef/Pavonas_June2025/20250622_174020.WAV,{'bioph_cascading_saw'}
/home/s.kamboj.400/unzipped-coral/Paola/Degraded_Reef/Pavonas_June2025/20250623_235319.WAV,{'bioph_cascading_saw'}
/home/s.kamboj.400/unzipped-coral/Paola/Degraded_Reef/Feb_March_2024_Pavonas/20240229_134500.WAV,{'bioph_cascading_saw'}
/home/s.kamboj.400/unzipped-coral/Paola/Non_Degraded_Reef/May_2025/20250322_164200.WAV,{'bioph_cascading_saw'}
/home/s.kamboj.400/unzipped-coral/Paola/Degraded_Reef/Pavonas_June2025/20250622_114220.WAV,{'bioph_cascading_saw'}
/home/s.kamboj.400/unzipped-coral/Paola/Non_Degraded_Reef/July_2024/20240722_122800.WAV,{'bioph_cascading_saw'}
/home/s.kamboj.400/unzipped-coral/Paola/Degraded_Reef/Feb_March_2024_Pavonas/20240227_103600.WAV,{'bioph_cascading_saw'}
/home/s.kamboj.400/unzipped-coral/Paola/Non_Degraded_Reef/May_2025/20250320_073601.WAV,{'bioph_cascading_saw'}
/home/s.kamboj.400/unzipped-coral/Paola/Non_Degraded_Reef/May_2025/20250323_070400.WAV,{'bioph_cascading_saw'}
/home/s.kamboj.400/unzipped-coral/Paola/Degraded_Reef/April_2024_Pavonas/20240307_175100.WAV,"{'bioph_cascading_saw', 'bioph'}"
/home/s.kamboj.400/unzipped-coral/Paola/Non_Degraded_Reef/May_2025/20250319_121400.WAV,{'bioph_cascading_saw'}
/home/s.kamboj.400/unzipped-coral/Paola/Non_Degraded_Reef/July_2024/20240718_163200.WAV,{'bioph_cascading_saw'}
/home/s.kamboj.400/unzipped-coral/Paola/Non_Degraded_Reef/July_2024/20240721_111800.WAV,{'bioph'}
/home/s.kamboj.400/unzipped-coral/Paola/Degraded_Reef/Feb_March_2024_Pavonas/20240229_133300.WAV,{'bioph_cascading_saw'}
/home/s.kamboj.400/unzipped-coral/Paola/Non_Degraded_Reef/May_2025/20250320_135900.WAV,{'bioph_cascading_saw'}
/home/s.kamboj.400/unzipped-coral/Paola/Degraded_Reef/Feb_March_2024_Pavonas/20240227_082600.WAV,{'bioph_cascading_saw'}
/home/s.kamboj.400/unzipped-coral/Paola/Non_Degraded_Reef/July_2024/20240723_104800.WAV,{'bioph'}
/home/s.kamboj.400/unzipped-coral/Paola/Degraded_Reef/Pavonas_June2025/20250620_081218.WAV,{'bioph_cascading_saw'}
/home/s.kamboj.400/unzipped-coral/Paola/Degraded_Reef/Pavonas_June2025/20250619_062318.WAV,{'bioph_cascading_saw'}
/home/s.kamboj.400/unzipped-coral/Paola/Degraded_Reef/Pavonas_June2025/20250621_194019.WAV,{'bioph_cascading_saw'}
/home/s.kamboj.400/unzipped-coral/Paola/Degraded_Reef/Pavonas_June2025/20250626_123222.WAV,{'bioph_cascading_saw'}
/home/s.kamboj.400/unzipped-coral/Paola/Degraded_Reef/Pavonas_June2025/20250623_060720.WAV,{'bioph_cascading_saw'}
/home/s.kamboj.400/unzipped-coral/Paola/Degraded_Reef/Pavonas_June2025/20250620_192219.WAV,{'bioph'}
/home/s.kamboj.400/unzipped-coral/Paola/Degraded_Reef/April_2024_Pavonas/20240307_154500.WAV,{'bioph_cascading_saw'}
/home/s.kamboj.400/unzipped-coral/Paola/Degraded_Reef/Pavonas_June2025/20250622_152619.WAV,{'bioph_cascading_saw'}
/home/s.kamboj.400/unzipped-coral/Paola/Degraded_Reef/Feb_March_2024_Pavonas/20240229_081000.WAV,{'bioph_cascading_saw'}
/home/s.kamboj.400/unzipped-coral/Paola/Degraded_Reef/Pavonas_June2025/20250623_104520.WAV,{'bioph_cascading_saw'}
/home/s.kamboj.400/unzipped-coral/Paola/Degraded_Reef/Pavonas_June2025/20250624_184320.WAV,{'bioph_cascading_saw'}
/home/s.kamboj.400/unzipped-coral/Paola/Degraded_Reef/April_2024_Pavonas/20240306_081300.WAV,{'bioph_cascading_saw'}
/home/s.kamboj.400/unzipped-coral/Paola/Degraded_Reef/Pavonas_June2025/20250620_172618.WAV,{'bioph_cascading_saw'}
/home/s.kamboj.400/unzipped-coral/Paola/Degraded_Reef/Pavonas_June2025/20250625_074521.WAV,{'bioph_cascading_saw'}
/home/s.kamboj.400/unzipped-coral/Paola/Degraded_Reef/Feb_March_2024_Pavonas/20240227_142100.WAV,{'bioph_cascading_saw'}
/home/s.kamboj.400/unzipped-coral/Paola/Degraded_Reef/Feb_March_2024_Pavonas/20240227_214700.WAV,{'bioph_holocentrus'}
/home/s.kamboj.400/unzipped-coral/Paola/Degraded_Reef/April_2024_Pavonas/20240307_114100.WAV,{'bioph_cascading_saw'}
/home/s.kamboj.400/unzipped-coral/Paola/Degraded_Reef/Feb_March_2024_Pavonas/20240227_174800.WAV,{'bioph'}
/home/s.kamboj.400/unzipped-coral/Paola/Degraded_Reef/Pavonas_June2025/20250622_095419.WAV,{'bioph_cascading_saw'}
/home/s.kamboj.400/unzipped-coral/Paola/Non_Degraded_Reef/May_2025/20250315_195000.WAV,{'bioph_cascading_saw'}
/home/s.kamboj.400/unzipped-coral/Paola/Degraded_Reef/Feb_March_2024_Pavonas/20240228_222600.WAV,"{'bioph_cascading_saw', 'bioph'}"
/home/s.kamboj.400/unzipped-coral/Paola/Non_Degraded_Reef/May_2025/20250318_123500.WAV,{'bioph_cascading_saw'}
/home/s.kamboj.400/unzipped-coral/Paola/Non_Degraded_Reef/May_2025/20250315_105800.WAV,{'bioph_cascading_saw'}
/home/s.kamboj.400/unzipped-coral/Paola/Degraded_Reef/Feb_March_2024_Pavonas/20240228_223400.WAV,{'bioph_cascading_saw'}
/home/s.kamboj.400/unzipped-coral/Paola/Degraded_Reef/April_2024_Pavonas/20240308_114600.WAV,{'bioph_cascading_saw'}
/home/s.kamboj.400/unzipped-coral/Paola/Degraded_Reef/Pavonas_June2025/20250619_062918.WAV,{'bioph_cascading_saw'}
/home/s.kamboj.400/unzipped-coral/Paola/Non_Degraded_Reef/May_2025/20250318_164100.WAV,{'bioph_cascading_saw'}
/home/s.kamboj.400/unzipped-coral/Paola/Degraded_Reef/April_2024_Pavonas/20240309_134800.WAV,{'bioph_cascading_saw'}
/home/s.kamboj.400/unzipped-coral/Paola/Non_Degraded_Reef/July_2024/20240718_144400.WAV,{'bioph_low_growl'}
/home/s.kamboj.400/unzipped-coral/Paola/Non_Degraded_Reef/May_2025/20250319_203400.WAV,{'bioph_cascading_saw'}
/home/s.kamboj.400/unzipped-coral/Paola/Degraded_Reef/Pavonas_June2025/20250623_191119.WAV,{'bioph_cascading_saw'}
/home/s.kamboj.400/unzipped-coral/Paola/Degraded_Reef/April_2024_Pavonas/20240306_125700.WAV,{'bioph_low_growl'}
/home/s.kamboj.400/unzipped-coral/Paola/Degraded_Reef/April_2024_Pavonas/20240309_031700.WAV,{'bioph_cascading_saw'}
/home/s.kamboj.400/unzipped-coral/Paola/Degraded_Reef/Feb_March_2024_Pavonas/20240228_232000.WAV,{'bioph_cascading_saw'}
/home/s.kamboj.400/unzipped-coral/Paola/Degraded_Reef/Feb_March_2024_Pavonas/20240227_054500.WAV,{'bioph_cascading_saw'}
/home/s.kamboj.400/unzipped-coral/Paola/Degraded_Reef/Pavonas_June2025/20250619_142518.WAV,{'bioph'}
/home/s.kamboj.400/unzipped-coral/Paola/Non_Degraded_Reef/May_2025/20250319_222900.WAV,{'bioph_cascading_saw'}
/home/s.kamboj.400/unzipped-coral/Paola/Degraded_Reef/Feb_March_2024_Pavonas/20240228_054700.WAV,{'bioph_holocentrus'}
/home/s.kamboj.400/unzipped-coral/Paola/Non_Degraded_Reef/July_2024/20240716_224600.WAV,{'bioph_knock_croak_b'}
/home/s.kamboj.400/unzipped-coral/Paola/Non_Degraded_Reef/May_2025/20250320_115500.WAV,{'bioph_cascading_saw'}
/home/s.kamboj.400/unzipped-coral/Paola/Non_Degraded_Reef/May_2025/20250321_135600.WAV,{'bioph_cascading_saw'}
/home/s.kamboj.400/unzipped-coral/Paola/Degraded_Reef/Pavonas_June2025/20250626_151020.WAV,{'bioph_cascading_saw'}
/home/s.kamboj.400/unzipped-coral/Paola/Degraded_Reef/Feb_March_2024_Pavonas/20240227_115400.WAV,{'bioph_holocentrus'}
/home/s.kamboj.400/unzipped-coral/Paola/Non_Degraded_Reef/July_2024/20240720_093200.WAV,{'bioph_cascading_saw'}
/home/s.kamboj.400/unzipped-coral/Paola/Degraded_Reef/Pavonas_June2025/20250624_074619.WAV,{'bioph'}
/home/s.kamboj.400/unzipped-coral/Paola/Degraded_Reef/Pavonas_June2025/20250626_154820.WAV,{'bioph_cascading_saw'}
/home/s.kamboj.400/unzipped-coral/Paola/Degraded_Reef/April_2024_Pavonas/20240307_172100.WAV,{'bioph_cascading_saw'}
/home/s.kamboj.400/unzipped-coral/Paola/Degraded_Reef/Feb_March_2024_Pavonas/20240228_084700.WAV,{'bioph_cascading_saw'}
/home/s.kamboj.400/unzipped-coral/Paola/Degraded_Reef/April_2024_Pavonas/20240306_155100.WAV,{'bioph_low_growl'}
/home/s.kamboj.400/unzipped-coral/Paola/Degraded_Reef/Pavonas_June2025/20250624_172920.WAV,{'bioph_holocentrus'}
/home/s.kamboj.400/unzipped-coral/Paola/Degraded_Reef/Feb_March_2024_Pavonas/20240228_003800.WAV,"{'bioph_cascading_saw', 'bioph_holocentrus', 'bioph'}"
/home/s.kamboj.400/unzipped-coral/Paola/Degraded_Reef/April_2024_Pavonas/20240307_020100.WAV,{'bioph'}
/home/s.kamboj.400/unzipped-coral/Paola/Degraded_Reef/Pavonas_June2025/20250621_211419.WAV,{'bioph_cascading_saw'}
/home/s.kamboj.400/unzipped-coral/Paola/Degraded_Reef/Feb_March_2024_Pavonas/20240227_232700.WAV,{'bioph_cascading_saw'}
/home/s.kamboj.400/unzipped-coral/Paola/Degraded_Reef/April_2024_Pavonas/20240307_143200.WAV,{'bioph_cascading_saw'}
/home/s.kamboj.400/unzipped-coral/Paola/Degraded_Reef/Pavonas_June2025/20250625_074220.WAV,{'bioph_cascading_saw'}
/home/s.kamboj.400/unzipped-coral/Paola/Degraded_Reef/Feb_March_2024_Pavonas/20240228_011700.WAV,{'bioph_cascading_saw'}
/home/s.kamboj.400/unzipped-coral/Paola/Non_Degraded_Reef/May_2025/20250317_114900.WAV,{'bioph_cascading_saw'}
/home/s.kamboj.400/unzipped-coral/Paola/Non_Degraded_Reef/May_2025/20250321_233100.WAV,{'bioph_cascading_saw'}
/home/s.kamboj.400/unzipped-coral/Paola/Non_Degraded_Reef/May_2025/20250320_073200.WAV,{'bioph_cascading_saw'}
/home/s.kamboj.400/unzipped-coral/Paola/Degraded_Reef/Pavonas_June2025/20250627_171122.WAV,{'bioph_growl'}
/home/s.kamboj.400/unzipped-coral/Paola/Degraded_Reef/Feb_March_2024_Pavonas/20240227_232600.WAV,{'bioph_cascading_saw'}
/home/s.kamboj.400/unzipped-coral/Paola/Non_Degraded_Reef/May_2025/20250321_102200.WAV,{'bioph_cascading_saw'}
/home/s.kamboj.400/unzipped-coral/Paola/Degraded_Reef/Pavonas_June2025/20250620_102418.WAV,{'bioph_cascading_saw'}
/home/s.kamboj.400/unzipped-coral/Paola/Non_Degraded_Reef/July_2024/20240716_093800.WAV,{'bioph_cascading_saw'}
/home/s.kamboj.400/unzipped-coral/Paola/Non_Degraded_Reef/May_2025/20250322_173500.WAV,{'bioph_cascading_saw'}
/home/s.kamboj.400/unzipped-coral/Paola/Non_Degraded_Reef/May_2025/20250319_120000.WAV,{'bioph_cascading_saw'}
/home/s.kamboj.400/unzipped-coral/Paola/Degraded_Reef/Feb_March_2024_Pavonas/20240229_033200.WAV,{'bioph_cascading_saw'}
/home/s.kamboj.400/unzipped-coral/Paola/Degraded_Reef/Pavonas_June2025/20250624_175120.WAV,{'bioph_cascading_saw'}
/home/s.kamboj.400/unzipped-coral/Paola/Degraded_Reef/Feb_March_2024_Pavonas/20240228_093300.WAV,{'bioph_cascading_saw'}
/home/s.kamboj.400/unzipped-coral/Paola/Degraded_Reef/April_2024_Pavonas/20240308_010300.WAV,"{'bioph_cascading_saw', 'bioph_grouper_a', 'bioph_damselfish'}"
/home/s.kamboj.400/unzipped-coral/Paola/Degraded_Reef/April_2024_Pavonas/20240308_070600.WAV,{'bioph_cascading_saw'}
/home/s.kamboj.400/unzipped-coral/Paola/Degraded_Reef/Feb_March_2024_Pavonas/20240227_204600.WAV,{'bioph_cascading_saw'}
/home/s.kamboj.400/unzipped-coral/Paola/Non_Degraded_Reef/May_2025/20250319_065900.WAV,{'bioph_cascading_saw'}
/home/s.kamboj.400/unzipped-coral/Paola/Degraded_Reef/Pavonas_June2025/20250624_204120.WAV,{'bioph_cascading_saw'}
/home/s.kamboj.400/unzipped-coral/Paola/Degraded_Reef/Pavonas_June2025/20250627_235814.WAV,{'bioph_cascading_saw'}
/home/s.kamboj.400/unzipped-coral/Paola/Non_Degraded_Reef/July_2024/20240720_191000.WAV,{'bioph_cascading_saw'}
/home/s.kamboj.400/unzipped-coral/Paola/Non_Degraded_Reef/May_2025/20250321_165300.WAV,{'bioph_cascading_saw'}
/home/s.kamboj.400/unzipped-coral/Paola/Degraded_Reef/Pavonas_June2025/20250620_234320.WAV,{'bioph_cascading_saw'}
/home/s.kamboj.400/unzipped-coral/Paola/Non_Degraded_Reef/July_2024/20240716_151400.WAV,{'bioph_cascading_saw'}
/home/s.kamboj.400/unzipped-coral/Paola/Non_Degraded_Reef/May_2025/20250322_095700.WAV,{'bioph_cascading_saw'}
/home/s.kamboj.400/unzipped-coral/Paola/Non_Degraded_Reef/May_2025/20250318_171300.WAV,{'bioph_cascading_saw'}
/home/s.kamboj.400/unzipped-coral/Paola/Degraded_Reef/Pavonas_June2025/20250620_220217.WAV,{'bioph_cascading_saw'}
/home/s.kamboj.400/unzipped-coral/Paola/Degraded_Reef/Pavonas_June2025/20250626_084320.WAV,{'bioph_cascading_saw'}
/home/s.kamboj.400/unzipped-coral/Paola/Non_Degraded_Reef/May_2025/20250314_234400.WAV,{'bioph_cascading_saw'}
/home/s.kamboj.400/unzipped-coral/Paola/Non_Degraded_Reef/July_2024/20240717_205600.WAV,{'bioph_cascading_saw'}
/home/s.kamboj.400/unzipped-coral/Paola/Degraded_Reef/April_2024_Pavonas/20240307_004200.WAV,{'bioph_cascading_saw'}
/home/s.kamboj.400/unzipped-coral/Paola/Non_Degraded_Reef/July_2024/20240721_040200.WAV,{'bioph_cascading_saw'}
/home/s.kamboj.400/unzipped-coral/Paola/Degraded_Reef/Pavonas_June2025/20250623_162119.WAV,{'bioph_cascading_saw'}
/home/s.kamboj.400/unzipped-coral/Paola/Non_Degraded_Reef/May_2025/20250317_095200.WAV,{'bioph_cascading_saw'}
/home/s.kamboj.400/unzipped-coral/Paola/Non_Degraded_Reef/May_2025/20250323_081900.WAV,{'bioph_cascading_saw'}
/home/s.kamboj.400/unzipped-coral/Paola/Degraded_Reef/Feb_March_2024_Pavonas/20240226_221700.WAV,"{'bioph_cascading_saw', 'bioph_holocentrus'}"
/home/s.kamboj.400/unzipped-coral/Paola/Degraded_Reef/Feb_March_2024_Pavonas/20240226_205100.WAV,"{'bioph_cascading_saw', 'bioph_holocentrus'}"
/home/s.kamboj.400/unzipped-coral/Paola/Degraded_Reef/April_2024_Pavonas/20240306_044900.WAV,{'bioph_cascading_saw'}
/home/s.kamboj.400/unzipped-coral/Paola/Non_Degraded_Reef/May_2025/20250318_060700.WAV,{'bioph_cascading_saw'}
/home/s.kamboj.400/unzipped-coral/Paola/Degraded_Reef/Feb_March_2024_Pavonas/20240229_101500.WAV,{'bioph_cascading_saw'}
/home/s.kamboj.400/unzipped-coral/Paola/Degraded_Reef/April_2024_Pavonas/20240308_172800.WAV,{'bioph_cascading_saw'}
/home/s.kamboj.400/unzipped-coral/Paola/Non_Degraded_Reef/July_2024/20240718_161600.WAV,{'bioph_cascading_saw'}
/home/s.kamboj.400/unzipped-coral/Paola/Degraded_Reef/Pavonas_June2025/20250618_225718.WAV,{'bioph_cascading_saw'}
/home/s.kamboj.400/unzipped-coral/Paola/Non_Degraded_Reef/May_2025/20250318_112400.WAV,{'bioph_cascading_saw'}
/home/s.kamboj.400/unzipped-coral/Paola/Non_Degraded_Reef/May_2025/20250321_074200.WAV,{'bioph_cascading_saw'}
/home/s.kamboj.400/unzipped-coral/Paola/Non_Degraded_Reef/May_2025/20250315_212601.WAV,{'bioph_cascading_saw'}
/home/s.kamboj.400/unzipped-coral/Paola/Degraded_Reef/Pavonas_June2025/20250625_221320.WAV,{'bioph_cascading_saw'}
/home/s.kamboj.400/unzipped-coral/Paola/Degraded_Reef/Feb_March_2024_Pavonas/20240228_070000.WAV,{'bioph_cascading_saw'}
/home/s.kamboj.400/unzipped-coral/Paola/Degraded_Reef/Feb_March_2024_Pavonas/20240228_185000.WAV,{'bioph_holocentrus'}
/home/s.kamboj.400/unzipped-coral/Paola/Non_Degraded_Reef/July_2024/20240720_100800.WAV,{'bioph_cascading_saw'}
/home/s.kamboj.400/unzipped-coral/Paola/Non_Degraded_Reef/May_2025/20250322_125200.WAV,"{'bioph_cascading_saw', 'bioph'}"
/home/s.kamboj.400/unzipped-coral/Paola/Degraded_Reef/Pavonas_June2025/20250627_122521.WAV,{'bioph_cascading_saw'}
/home/s.kamboj.400/unzipped-coral/Paola/Degraded_Reef/Pavonas_June2025/20250623_232720.WAV,{'bioph_cascading_saw'}
/home/s.kamboj.400/unzipped-coral/Paola/Non_Degraded_Reef/July_2024/20240717_121600.WAV,{'bioph_cascading_saw'}
/home/s.kamboj.400/unzipped-coral/Paola/Degraded_Reef/Feb_March_2024_Pavonas/20240228_063200.WAV,{'bioph_cascading_saw'}
/home/s.kamboj.400/unzipped-coral/Paola/Degraded_Reef/April_2024_Pavonas/20240308_075200.WAV,{'bioph_cascading_saw'}
/home/s.kamboj.400/unzipped-coral/Paola/Non_Degraded_Reef/July_2024/20240724_051600.WAV,{'bioph_cascading_saw'}
/home/s.kamboj.400/unzipped-coral/Paola/Degraded_Reef/Feb_March_2024_Pavonas/20240227_005700.WAV,{'bioph_cascading_saw'}
/home/s.kamboj.400/unzipped-coral/Paola/Degraded_Reef/Pavonas_June2025/20250619_143218.WAV,{'bioph'}
/home/s.kamboj.400/unzipped-coral/Paola/Non_Degraded_Reef/May_2025/20250320_070900.WAV,{'bioph_cascading_saw'}
/home/s.kamboj.400/unzipped-coral/Paola/Degraded_Reef/April_2024_Pavonas/20240306_193700.WAV,{'bioph_cascading_saw'}
/home/s.kamboj.400/unzipped-coral/Paola/Non_Degraded_Reef/May_2025/20250317_104500.WAV,{'bioph_cascading_saw'}
/home/s.kamboj.400/unzipped-coral/Paola/Non_Degraded_Reef/July_2024/20240722_102000.WAV,{'bioph_cascading_saw'}
/home/s.kamboj.400/unzipped-coral/Paola/Non_Degraded_Reef/July_2024/20240723_150000.WAV,{'bioph_cascading_saw'}
/home/s.kamboj.400/unzipped-coral/Paola/Degraded_Reef/April_2024_Pavonas/20240306_222100.WAV,{'bioph_cascading_saw'}
/home/s.kamboj.400/unzipped-coral/Paola/Non_Degraded_Reef/May_2025/20250322_084900.WAV,{'bioph_cascading_saw'}
/home/s.kamboj.400/unzipped-coral/Paola/Degraded_Reef/April_2024_Pavonas/20240306_084800.WAV,{'bioph_cascading_saw'}
/home/s.kamboj.400/unzipped-coral/Paola/Degraded_Reef/April_2024_Pavonas/20240308_054000.WAV,{'bioph_cascading_saw'}
/home/s.kamboj.400/unzipped-coral/Paola/Degraded_Reef/Pavonas_June2025/20250625_191520.WAV,{'bioph'}
/home/s.kamboj.400/unzipped-coral/Paola/Non_Degraded_Reef/May_2025/20250321_235700.WAV,{'bioph_cascading_saw'}
/home/s.kamboj.400/unzipped-coral/Paola/Non_Degraded_Reef/July_2024/20240723_085000.WAV,{'bioph_cascading_saw'}
/home/s.kamboj.400/unzipped-coral/Paola/Degraded_Reef/Feb_March_2024_Pavonas/20240227_161300.WAV,{'bioph_cascading_saw'}
/home/s.kamboj.400/unzipped-coral/Paola/Non_Degraded_Reef/May_2025/20250316_210700.WAV,{'bioph_stridulation'}
/home/s.kamboj.400/unzipped-coral/Paola/Degraded_Reef/April_2024_Pavonas/20240308_222700.WAV,{'bioph_cascading_saw'}
/home/s.kamboj.400/unzipped-coral/Paola/Non_Degraded_Reef/May_2025/20250314_115300.WAV,{'bioph_cascading_saw'}
/home/s.kamboj.400/unzipped-coral/Paola/Degraded_Reef/Feb_March_2024_Pavonas/20240227_032700.WAV,{'bioph_cascading_saw'}
/home/s.kamboj.400/unzipped-coral/Paola/Non_Degraded_Reef/May_2025/20250323_071400.WAV,{'bioph_cascading_saw'}
/home/s.kamboj.400/unzipped-coral/Paola/Degraded_Reef/Pavonas_June2025/20250618_232018.WAV,{'bioph_cascading_saw'}
/home/s.kamboj.400/unzipped-coral/Paola/Non_Degraded_Reef/May_2025/20250323_094500.WAV,{'bioph_cascading_saw'}
/home/s.kamboj.400/unzipped-coral/Paola/Degraded_Reef/April_2024_Pavonas/20240309_005500.WAV,{'bioph_cascading_saw'}
/home/s.kamboj.400/unzipped-coral/Paola/Non_Degraded_Reef/May_2025/20250322_095100.WAV,{'bioph_grouper_a'}
/home/s.kamboj.400/unzipped-coral/Paola/Degraded_Reef/Feb_March_2024_Pavonas/20240229_115600.WAV,{'bioph_cascading_saw'}
/home/s.kamboj.400/unzipped-coral/Paola/Non_Degraded_Reef/May_2025/20250319_173500.WAV,{'bioph_cascading_saw'}
/home/s.kamboj.400/unzipped-coral/Paola/Degraded_Reef/April_2024_Pavonas/20240307_205900.WAV,{'bioph_cascading_saw'}
/home/s.kamboj.400/unzipped-coral/Paola/Degraded_Reef/Pavonas_June2025/20250620_223618.WAV,{'bioph'}
/home/s.kamboj.400/unzipped-coral/Paola/Degraded_Reef/Pavonas_June2025/20250626_202515.WAV,{'bioph_cascading_saw'}
/home/s.kamboj.400/unzipped-coral/Paola/Non_Degraded_Reef/May_2025/20250321_190500.WAV,{'bioph_cascading_saw'}
/home/s.kamboj.400/unzipped-coral/Paola/Degraded_Reef/Pavonas_June2025/20250626_120522.WAV,{'bioph_holocentrus'}
/home/s.kamboj.400/unzipped-coral/Paola/Degraded_Reef/Feb_March_2024_Pavonas/20240228_113700.WAV,{'bioph_cascading_saw'}
/home/s.kamboj.400/unzipped-coral/Paola/Degraded_Reef/April_2024_Pavonas/20240309_010500.WAV,{'bioph_low_growl'}
/home/s.kamboj.400/unzipped-coral/Paola/Non_Degraded_Reef/May_2025/20250318_121900.WAV,{'bioph_cascading_saw'}
/home/s.kamboj.400/unzipped-coral/Paola/Non_Degraded_Reef/July_2024/20240724_084200.WAV,{'bioph_grouper_a'}
/home/s.kamboj.400/unzipped-coral/Paola/Degraded_Reef/Feb_March_2024_Pavonas/20240228_064400.WAV,{'bioph_cascading_saw'}
/home/s.kamboj.400/unzipped-coral/Paola/Degraded_Reef/Pavonas_June2025/20250624_232820.WAV,{'bioph_cascading_saw'}
/home/s.kamboj.400/unzipped-coral/Paola/Non_Degraded_Reef/May_2025/20250320_124000.WAV,{'bioph_cascading_saw'}
/home/s.kamboj.400/unzipped-coral/Paola/Non_Degraded_Reef/May_2025/20250317_123900.WAV,{'bioph_cascading_saw'}
/home/s.kamboj.400/unzipped-coral/Paola/Degraded_Reef/April_2024_Pavonas/20240307_210700.WAV,{'bioph_cascading_saw'}
/home/s.kamboj.400/unzipped-coral/Paola/Degraded_Reef/Feb_March_2024_Pavonas/20240227_113900.WAV,{'bioph_cascading_saw'}
/home/s.kamboj.400/unzipped-coral/Paola/Degraded_Reef/Feb_March_2024_Pavonas/20240227_040100.WAV,{'bioph_cascading_saw'}
/home/s.kamboj.400/unzipped-coral/Paola/Non_Degraded_Reef/May_2025/20250323_074100.WAV,{'bioph_cascading_saw'}
/home/s.kamboj.400/unzipped-coral/Paola/Degraded_Reef/Pavonas_June2025/20250623_221519.WAV,"{'bioph_cascading_saw', 'bioph_low_growl'}"
/home/s.kamboj.400/unzipped-coral/Paola/Non_Degraded_Reef/May_2025/20250320_091501.WAV,{'bioph_cascading_saw'}
/home/s.kamboj.400/unzipped-coral/Paola/Degraded_Reef/Feb_March_2024_Pavonas/20240228_210900.WAV,{'bioph_holocentrus'}
/home/s.kamboj.400/unzipped-coral/Paola/Degraded_Reef/Pavonas_June2025/20250621_073019.WAV,{'bioph_cascading_saw'}
/home/s.kamboj.400/unzipped-coral/Paola/Non_Degraded_Reef/May_2025/20250321_175900.WAV,{'bioph_cascading_saw'}
/home/s.kamboj.400/unzipped-coral/Paola/Degraded_Reef/Feb_March_2024_Pavonas/20240229_124200.WAV,{'bioph_cascading_saw'}
/home/s.kamboj.400/unzipped-coral/Paola/Non_Degraded_Reef/May_2025/20250317_083100.WAV,{'bioph_cascading_saw'}
/home/s.kamboj.400/unzipped-coral/Paola/Degraded_Reef/Feb_March_2024_Pavonas/20240226_220800.WAV,{'bioph_holocentrus'}
/home/s.kamboj.400/unzipped-coral/Paola/Degraded_Reef/Feb_March_2024_Pavonas/20240229_143900.WAV,{'bioph_croak'}
/home/s.kamboj.400/unzipped-coral/Paola/Degraded_Reef/Feb_March_2024_Pavonas/20240228_181100.WAV,"{'bioph_cascading_saw', 'bioph_holocentrus'}"
/home/s.kamboj.400/unzipped-coral/Paola/Non_Degraded_Reef/May_2025/20250322_170100.WAV,{'bioph_cascading_saw'}
/home/s.kamboj.400/unzipped-coral/Paola/Non_Degraded_Reef/May_2025/20250320_101200.WAV,{'bioph_cascading_saw'}
/home/s.kamboj.400/unzipped-coral/Paola/Degraded_Reef/April_2024_Pavonas/20240309_140500.WAV,{'bioph_low_growl'}
/home/s.kamboj.400/unzipped-coral/Paola/Degraded_Reef/Feb_March_2024_Pavonas/20240228_140500.WAV,{'bioph_cascading_saw'}
/home/s.kamboj.400/unzipped-coral/Paola/Degraded_Reef/April_2024_Pavonas/20240308_142400.WAV,{'bioph_cascading_saw'}
/home/s.kamboj.400/unzipped-coral/Paola/Degraded_Reef/April_2024_Pavonas/20240306_214300.WAV,{'bioph_cascading_saw'}
/home/s.kamboj.400/unzipped-coral/Paola/Non_Degraded_Reef/July_2024/20240719_093800.WAV,{'bioph_cascading_saw'}
/home/s.kamboj.400/unzipped-coral/Paola/Degraded_Reef/April_2024_Pavonas/20240309_124800.WAV,{'bioph_cascading_saw'}
/home/s.kamboj.400/unzipped-coral/Paola/Degraded_Reef/Pavonas_June2025/20250619_091918.WAV,{'bioph_cascading_saw'}
/home/s.kamboj.400/unzipped-coral/Paola/Non_Degraded_Reef/May_2025/20250316_211700.WAV,{'bioph_cascading_saw'}
/home/s.kamboj.400/unzipped-coral/Paola/Non_Degraded_Reef/May_2025/20250322_062801.WAV,{'bioph_cascading_saw'}
/home/s.kamboj.400/unzipped-coral/Paola/Non_Degraded_Reef/July_2024/20240719_121000.WAV,"{'bioph_cascading_saw', 'bioph_knock_croak_b'}"
/home/s.kamboj.400/unzipped-coral/Paola/Degraded_Reef/Feb_March_2024_Pavonas/20240229_075300.WAV,{'bioph_cascading_saw'}
/home/s.kamboj.400/unzipped-coral/Paola/Non_Degraded_Reef/May_2025/20250315_083700.WAV,{'bioph_cascading_saw'}
/home/s.kamboj.400/unzipped-coral/Paola/Non_Degraded_Reef/May_2025/20250321_110700.WAV,{'bioph_cascading_saw'}
/home/s.kamboj.400/unzipped-coral/Paola/Degraded_Reef/April_2024_Pavonas/20240309_160000.WAV,"{'bioph', 'bioph_low_growl'}"
/home/s.kamboj.400/unzipped-coral/Paola/Degraded_Reef/Pavonas_June2025/20250625_190821.WAV,{'bioph_cascading_saw'}
/home/s.kamboj.400/unzipped-coral/Paola/Degraded_Reef/Pavonas_June2025/20250626_170323.WAV,{'bioph_cascading_saw'}
/home/s.kamboj.400/unzipped-coral/Paola/Degraded_Reef/Pavonas_June2025/20250626_213521.WAV,{'bioph_cascading_saw'}
/home/s.kamboj.400/unzipped-coral/Paola/Degraded_Reef/Pavonas_June2025/20250622_221116.WAV,{'bioph'}
/home/s.kamboj.400/unzipped-coral/Paola/Non_Degraded_Reef/May_2025/20250322_165800.WAV,{'bioph_cascading_saw'}
/home/s.kamboj.400/unzipped-coral/Paola/Non_Degraded_Reef/May_2025/20250322_081700.WAV,{'bioph_cascading_saw'}
/home/s.kamboj.400/unzipped-coral/Paola/Non_Degraded_Reef/May_2025/20250316_120000.WAV,{'bioph_cascading_saw'}
/home/s.kamboj.400/unzipped-coral/Paola/Degraded_Reef/Feb_March_2024_Pavonas/20240227_034100.WAV,{'bioph_cascading_saw'}
/home/s.kamboj.400/unzipped-coral/Paola/Non_Degraded_Reef/May_2025/20250318_151100.WAV,{'bioph_cascading_saw'}
/home/s.kamboj.400/unzipped-coral/Paola/Non_Degraded_Reef/May_2025/20250318_165400.WAV,{'bioph_cascading_saw'}
/home/s.kamboj.400/unzipped-coral/Paola/Degraded_Reef/Feb_March_2024_Pavonas/20240228_030600.WAV,{'bioph_cascading_saw'}
/home/s.kamboj.400/unzipped-coral/Paola/Degraded_Reef/Pavonas_June2025/20250622_184820.WAV,{'bioph_low_growl'}
/home/s.kamboj.400/unzipped-coral/Paola/Non_Degraded_Reef/May_2025/20250320_122500.WAV,{'bioph_cascading_saw'}
/home/s.kamboj.400/unzipped-coral/Paola/Degraded_Reef/April_2024_Pavonas/20240308_102600.WAV,{'bioph_cascading_saw'}
/home/s.kamboj.400/unzipped-coral/Paola/Degraded_Reef/April_2024_Pavonas/20240308_213400.WAV,"{'bioph_cascading_saw', 'bioph_croak'}"
/home/s.kamboj.400/unzipped-coral/Paola/Non_Degraded_Reef/May_2025/20250321_152900.WAV,{'bioph_cascading_saw'}
/home/s.kamboj.400/unzipped-coral/Paola/Non_Degraded_Reef/May_2025/20250316_180500.WAV,{'bioph_cascading_saw'}
/home/s.kamboj.400/unzipped-coral/Paola/Degraded_Reef/Pavonas_June2025/20250623_172220.WAV,{'bioph_cascading_saw'}
/home/s.kamboj.400/unzipped-coral/Paola/Degraded_Reef/Pavonas_June2025/20250619_113518.WAV,{'bioph_cascading_saw'}
/home/s.kamboj.400/unzipped-coral/Paola/Degraded_Reef/Feb_March_2024_Pavonas/20240227_135900.WAV,{'bioph_cascading_saw'}
/home/s.kamboj.400/unzipped-coral/Paola/Non_Degraded_Reef/July_2024/20240722_065600.WAV,{'bioph_cascading_saw'}
/home/s.kamboj.400/unzipped-coral/Paola/Degraded_Reef/Feb_March_2024_Pavonas/20240228_111600.WAV,{'bioph_cascading_saw'}
/home/s.kamboj.400/unzipped-coral/Paola/Degraded_Reef/Pavonas_June2025/20250628_094534.WAV,{'bioph_cascading_saw'}
/home/s.kamboj.400/unzipped-coral/Paola/Non_Degraded_Reef/May_2025/20250319_173903.WAV,{'bioph_cascading_saw'}
/home/s.kamboj.400/unzipped-coral/Paola/Degraded_Reef/Feb_March_2024_Pavonas/20240227_045100.WAV,{'bioph_cascading_saw'}
/home/s.kamboj.400/unzipped-coral/Paola/Non_Degraded_Reef/May_2025/20250322_154300.WAV,{'bioph_cascading_saw'}
/home/s.kamboj.400/unzipped-coral/Paola/Degraded_Reef/Pavonas_June2025/20250623_121222.WAV,{'bioph_cascading_saw'}
/home/s.kamboj.400/unzipped-coral/Paola/Non_Degraded_Reef/May_2025/20250320_161500.WAV,{'bioph_cascading_saw'}
/home/s.kamboj.400/unzipped-coral/Paola/Non_Degraded_Reef/July_2024/20240722_171800.WAV,{'bioph_cascading_saw'}
/home/s.kamboj.400/unzipped-coral/Paola/Degraded_Reef/Feb_March_2024_Pavonas/20240228_104600.WAV,{'bioph_cascading_saw'}
/home/s.kamboj.400/unzipped-coral/Paola/Degraded_Reef/Pavonas_June2025/20250625_095919.WAV,{'bioph_cascading_saw'}
/home/s.kamboj.400/unzipped-coral/Paola/Degraded_Reef/April_2024_Pavonas/20240308_023800.WAV,{'bioph_cascading_saw'}
/home/s.kamboj.400/unzipped-coral/Paola/Degraded_Reef/April_2024_Pavonas/20240307_095300.WAV,{'bioph_cascading_saw'}
/home/s.kamboj.400/unzipped-coral/Paola/Non_Degraded_Reef/May_2025/20250317_185001.WAV,{'bioph_cascading_saw'}
/home/s.kamboj.400/unzipped-coral/Paola/Degraded_Reef/Pavonas_June2025/20250628_062515.WAV,{'bioph_cascading_saw'}
/home/s.kamboj.400/unzipped-coral/Paola/Degraded_Reef/Pavonas_June2025/20250618_202318.WAV,{'bioph_cascading_saw'}
/home/s.kamboj.400/unzipped-coral/Paola/Non_Degraded_Reef/May_2025/20250319_153800.WAV,{'bioph_cascading_saw'}
/home/s.kamboj.400/unzipped-coral/Paola/Degraded_Reef/Pavonas_June2025/20250619_151517.WAV,{'bioph'}
/home/s.kamboj.400/unzipped-coral/Paola/Non_Degraded_Reef/May_2025/20250319_152600.WAV,{'bioph_cascading_saw'}
/home/s.kamboj.400/unzipped-coral/Paola/Non_Degraded_Reef/May_2025/20250322_091800.WAV,{'bioph_cascading_saw'}
/home/s.kamboj.400/unzipped-coral/Paola/Degraded_Reef/April_2024_Pavonas/20240307_011800.WAV,{'bioph_cascading_saw'}
/home/s.kamboj.400/unzipped-coral/Paola/Non_Degraded_Reef/July_2024/20240723_073200.WAV,{'bioph_cascading_saw'}
/home/s.kamboj.400/unzipped-coral/Paola/Degraded_Reef/Pavonas_June2025/20250621_094624.WAV,{'bioph_midshipman'}
/home/s.kamboj.400/unzipped-coral/Paola/Non_Degraded_Reef/May_2025/20250318_142600.WAV,{'bioph_cascading_saw'}
/home/s.kamboj.400/unzipped-coral/Paola/Non_Degraded_Reef/May_2025/20250322_150100.WAV,{'bioph_cascading_saw'}
/home/s.kamboj.400/unzipped-coral/Paola/Degraded_Reef/April_2024_Pavonas/20240308_070400.WAV,{'bioph_cascading_saw'}
/home/s.kamboj.400/unzipped-coral/Paola/Non_Degraded_Reef/July_2024/20240719_134800.WAV,{'bioph_cascading_saw'}
/home/s.kamboj.400/unzipped-coral/Paola/Degraded_Reef/Pavonas_June2025/20250627_220715.WAV,{'bioph_cascading_saw'}
/home/s.kamboj.400/unzipped-coral/Paola/Non_Degraded_Reef/May_2025/20250322_175000.WAV,{'bioph_cascading_saw'}
/home/s.kamboj.400/unzipped-coral/Paola/Degraded_Reef/Pavonas_June2025/20250621_121919.WAV,{'bioph_cascading_saw'}
/home/s.kamboj.400/unzipped-coral/Paola/Degraded_Reef/April_2024_Pavonas/20240307_160900.WAV,{'bioph_cascading_saw'}
/home/s.kamboj.400/unzipped-coral/Paola/Non_Degraded_Reef/July_2024/20240721_152600.WAV,{'bioph_cascading_saw'}
/home/s.kamboj.400/unzipped-coral/Paola/Degraded_Reef/Feb_March_2024_Pavonas/20240228_065700.WAV,{'bioph_cascading_saw'}
/home/s.kamboj.400/unzipped-coral/Paola/Degraded_Reef/Feb_March_2024_Pavonas/20240228_104400.WAV,{'bioph_cascading_saw'}
/home/s.kamboj.400/unzipped-coral/Paola/Non_Degraded_Reef/July_2024/20240721_164000.WAV,"{'bioph_cascading_saw', 'bioph_holocentrus'}"
/home/s.kamboj.400/unzipped-coral/Paola/Non_Degraded_Reef/July_2024/20240716_164400.WAV,"{'bioph_cascading_saw', 'bioph_holocentrus'}"
/home/s.kamboj.400/unzipped-coral/Paola/Non_Degraded_Reef/May_2025/20250319_074100.WAV,{'bioph_cascading_saw'}
/home/s.kamboj.400/unzipped-coral/Paola/Degraded_Reef/April_2024_Pavonas/20240309_204900.WAV,{'bioph_cascading_saw'}
/home/s.kamboj.400/unzipped-coral/Paola/Degraded_Reef/Feb_March_2024_Pavonas/20240226_165901.WAV,{'bioph'}
/home/s.kamboj.400/unzipped-coral/Paola/Degraded_Reef/April_2024_Pavonas/20240308_131100.WAV,"{'bioph_cascading_saw', 'geoph_waves'}"
/home/s.kamboj.400/unzipped-coral/Paola/Degraded_Reef/Feb_March_2024_Pavonas/20240228_122500.WAV,{'bioph_cascading_saw'}
/home/s.kamboj.400/unzipped-coral/Paola/Non_Degraded_Reef/May_2025/20250320_172300.WAV,{'bioph_cascading_saw'}
/home/s.kamboj.400/unzipped-coral/Paola/Degraded_Reef/April_2024_Pavonas/20240307_205200.WAV,{'bioph_cascading_saw'}
/home/s.kamboj.400/unzipped-coral/Paola/Non_Degraded_Reef/May_2025/20250321_140304.WAV,{'bioph_cascading_saw'}
/home/s.kamboj.400/unzipped-coral/Paola/Degraded_Reef/Pavonas_June2025/20250623_234319.WAV,{'bioph_cascading_saw'}
/home/s.kamboj.400/unzipped-coral/Paola/Non_Degraded_Reef/May_2025/20250319_123900.WAV,{'bioph_cascading_saw'}
/home/s.kamboj.400/unzipped-coral/Paola/Non_Degraded_Reef/May_2025/20250321_064800.WAV,{'bioph_cascading_saw'}
/home/s.kamboj.400/unzipped-coral/Paola/Non_Degraded_Reef/May_2025/20250320_141500.WAV,{'bioph_cascading_saw'}
/home/s.kamboj.400/unzipped-coral/Paola/Degraded_Reef/Pavonas_June2025/20250626_181731.WAV,{'bioph_cascading_saw'}
/home/s.kamboj.400/unzipped-coral/Paola/Non_Degraded_Reef/May_2025/20250318_062700.WAV,{'bioph_cascading_saw'}
/home/s.kamboj.400/unzipped-coral/Paola/Non_Degraded_Reef/May_2025/20250317_224001.WAV,{'bioph_cascading_saw'}
/home/s.kamboj.400/unzipped-coral/Paola/Degraded_Reef/April_2024_Pavonas/20240308_223400.WAV,{'bioph_cascading_saw'}
/home/s.kamboj.400/unzipped-coral/Paola/Degraded_Reef/Feb_March_2024_Pavonas/20240228_164600.WAV,{'bioph_holocentrus'}
/home/s.kamboj.400/unzipped-coral/Paola/Degraded_Reef/Pavonas_June2025/20250625_144622.WAV,{'bioph'}
/home/s.kamboj.400/unzipped-coral/Paola/Degraded_Reef/Pavonas_June2025/20250621_234719.WAV,{'bioph_cascading_saw'}
/home/s.kamboj.400/unzipped-coral/Paola/Degraded_Reef/Feb_March_2024_Pavonas/20240228_225900.WAV,{'bioph_cascading_saw'}
/home/s.kamboj.400/unzipped-coral/Paola/Degraded_Reef/April_2024_Pavonas/20240306_040300.WAV,{'bioph_cascading_saw'}
/home/s.kamboj.400/unzipped-coral/Paola/Degraded_Reef/Pavonas_June2025/20250623_213720.WAV,{'bioph_cascading_saw'}
/home/s.kamboj.400/unzipped-coral/Paola/Degraded_Reef/Pavonas_June2025/20250625_174822.WAV,{'bioph_holocentrus'}
/home/s.kamboj.400/unzipped-coral/Paola/Non_Degraded_Reef/July_2024/20240722_141000.WAV,{'bioph_holocentrus'}
/home/s.kamboj.400/unzipped-coral/Paola/Degraded_Reef/Feb_March_2024_Pavonas/20240228_081400.WAV,{'bioph_cascading_saw'}
/home/s.kamboj.400/unzipped-coral/Paola/Non_Degraded_Reef/May_2025/20250319_110403.WAV,{'bioph_cascading_saw'}
/home/s.kamboj.400/unzipped-coral/Paola/Degraded_Reef/Feb_March_2024_Pavonas/20240228_042900.WAV,{'bioph_cascading_saw'}
/home/s.kamboj.400/unzipped-coral/Paola/Degraded_Reef/Pavonas_June2025/20250622_083619.WAV,{'bioph_cascading_saw'}
/home/s.kamboj.400/unzipped-coral/Paola/Degraded_Reef/April_2024_Pavonas/20240308_061200.WAV,{'bioph_cascading_saw'}
/home/s.kamboj.400/unzipped-coral/Paola/Degraded_Reef/April_2024_Pavonas/20240309_201300.WAV,{'bioph_cascading_saw'}
/home/s.kamboj.400/unzipped-coral/Paola/Degraded_Reef/Feb_March_2024_Pavonas/20240228_042700.WAV,{'bioph_cascading_saw'}
/home/s.kamboj.400/unzipped-coral/Paola/Degraded_Reef/Pavonas_June2025/20250619_085018.WAV,{'bioph_low_growl'}
/home/s.kamboj.400/unzipped-coral/Paola/Degraded_Reef/April_2024_Pavonas/20240308_133400.WAV,{'bioph_cascading_saw'}
/home/s.kamboj.400/unzipped-coral/Paola/Non_Degraded_Reef/May_2025/20250320_170500.WAV,{'bioph_cascading_saw'}
/home/s.kamboj.400/unzipped-coral/Paola/Non_Degraded_Reef/July_2024/20240717_100000.WAV,{'bioph_cascading_saw'}
/home/s.kamboj.400/unzipped-coral/Paola/Degraded_Reef/Feb_March_2024_Pavonas/20240228_024600.WAV,{'bioph_cascading_saw'}
/home/s.kamboj.400/unzipped-coral/Paola/Degraded_Reef/Feb_March_2024_Pavonas/20240226_202400.WAV,"{'bioph_cascading_saw', 'bioph_holocentrus'}"
/home/s.kamboj.400/unzipped-coral/Paola/Degraded_Reef/Pavonas_June2025/20250620_211019.WAV,{'bioph_cascading_saw'}
/home/s.kamboj.400/unzipped-coral/Paola/Degraded_Reef/Pavonas_June2025/20250620_232119.WAV,{'bioph_cascading_saw'}
/home/s.kamboj.400/unzipped-coral/Paola/Degraded_Reef/Pavonas_June2025/20250626_123024.WAV,{'bioph_cascading_saw'}
/home/s.kamboj.400/unzipped-coral/Paola/Degraded_Reef/Feb_March_2024_Pavonas/20240228_224300.WAV,{'bioph_cascading_saw'}
/home/s.kamboj.400/unzipped-coral/Paola/Degraded_Reef/Pavonas_June2025/20250628_062021.WAV,{'bioph_pulse'}
/home/s.kamboj.400/unzipped-coral/Paola/Degraded_Reef/Feb_March_2024_Pavonas/20240226_193500.WAV,{'bioph_holocentrus'}
/home/s.kamboj.400/unzipped-coral/Paola/Non_Degraded_Reef/May_2025/20250315_092401.WAV,{'bioph_cascading_saw'}
/home/s.kamboj.400/unzipped-coral/Paola/Degraded_Reef/Pavonas_June2025/20250627_172120.WAV,{'bioph_cascading_saw'}
/home/s.kamboj.400/unzipped-coral/Paola/Non_Degraded_Reef/May_2025/20250318_094300.WAV,{'bioph_cascading_saw'}
/home/s.kamboj.400/unzipped-coral/Paola/Degraded_Reef/April_2024_Pavonas/20240306_041200.WAV,{'bioph_cascading_saw'}
/home/s.kamboj.400/unzipped-coral/Paola/Non_Degraded_Reef/July_2024/20240721_140200.WAV,{'bioph'}
/home/s.kamboj.400/unzipped-coral/Paola/Non_Degraded_Reef/July_2024/20240718_063600.WAV,{'bioph_cascading_saw'}
/home/s.kamboj.400/unzipped-coral/Paola/Degraded_Reef/Feb_March_2024_Pavonas/20240228_132900.WAV,{'bioph_holocentrus'}
/home/s.kamboj.400/unzipped-coral/Paola/Degraded_Reef/April_2024_Pavonas/20240307_034300.WAV,{'bioph_grouper_a'}
/home/s.kamboj.400/unzipped-coral/Paola/Non_Degraded_Reef/May_2025/20250321_191200.WAV,{'bioph_cascading_saw'}
/home/s.kamboj.400/unzipped-coral/Paola/Non_Degraded_Reef/May_2025/20250318_111700.WAV,{'bioph_cascading_saw'}
/home/s.kamboj.400/unzipped-coral/Paola/Degraded_Reef/Feb_March_2024_Pavonas/20240229_153900.WAV,{'bioph_croak'}
/home/s.kamboj.400/unzipped-coral/Paola/Non_Degraded_Reef/May_2025/20250317_154901.WAV,{'bioph_cascading_saw'}
/home/s.kamboj.400/unzipped-coral/Paola/Degraded_Reef/Pavonas_June2025/20250618_190518.WAV,{'bioph_cascading_saw'}
/home/s.kamboj.400/unzipped-coral/Paola/Degraded_Reef/Feb_March_2024_Pavonas/20240226_212900.WAV,{'bioph_holocentrus'}
/home/s.kamboj.400/unzipped-coral/Paola/Non_Degraded_Reef/May_2025/20250320_144200.WAV,{'bioph_cascading_saw'}
/home/s.kamboj.400/unzipped-coral/Paola/Degraded_Reef/Pavonas_June2025/20250622_165119.WAV,{'bioph_low_growl'}
/home/s.kamboj.400/unzipped-coral/Paola/Non_Degraded_Reef/July_2024/20240717_114200.WAV,"{'bioph', 'bioph_knock_croak_b'}"
/home/s.kamboj.400/unzipped-coral/Paola/Degraded_Reef/Pavonas_June2025/20250619_115818.WAV,{'bioph_cascading_saw'}
/home/s.kamboj.400/unzipped-coral/Paola/Degraded_Reef/April_2024_Pavonas/20240306_092400.WAV,{'bioph_cascading_saw'}
/home/s.kamboj.400/unzipped-coral/Paola/Non_Degraded_Reef/May_2025/20250319_172900.WAV,{'bioph_cascading_saw'}
/home/s.kamboj.400/unzipped-coral/Paola/Non_Degraded_Reef/May_2025/20250314_090700.WAV,{'bioph_cascading_saw'}
/home/s.kamboj.400/unzipped-coral/Paola/Non_Degraded_Reef/May_2025/20250320_112800.WAV,{'bioph_cascading_saw'}
/home/s.kamboj.400/unzipped-coral/Paola/Non_Degraded_Reef/July_2024/20240721_074600.WAV,{'bioph_holocentrus'}
/home/s.kamboj.400/unzipped-coral/Paola/Non_Degraded_Reef/May_2025/20250314_162300.WAV,{'bioph_cascading_saw'}
/home/s.kamboj.400/unzipped-coral/Paola/Degraded_Reef/Pavonas_June2025/20250626_140815.WAV,{'bioph_cascading_saw'}
/home/s.kamboj.400/unzipped-coral/Paola/Degraded_Reef/Pavonas_June2025/20250628_093414.WAV,{'bioph'}
/home/s.kamboj.400/unzipped-coral/Paola/Non_Degraded_Reef/May_2025/20250322_074900.WAV,{'bioph_cascading_saw'}
/home/s.kamboj.400/unzipped-coral/Paola/Non_Degraded_Reef/July_2024/20240720_100000.WAV,{'bioph_cascading_saw'}
/home/s.kamboj.400/unzipped-coral/Paola/Non_Degraded_Reef/July_2024/20240721_083200.WAV,{'bioph_cascading_saw'}
/home/s.kamboj.400/unzipped-coral/Paola/Degraded_Reef/Pavonas_June2025/20250619_135318.WAV,{'bioph_cascading_saw'}
/home/s.kamboj.400/unzipped-coral/Paola/Degraded_Reef/Pavonas_June2025/20250622_204419.WAV,{'bioph_cascading_saw'}
/home/s.kamboj.400/unzipped-coral/Paola/Non_Degraded_Reef/May_2025/20250314_072900.WAV,"{'bioph_cascading_saw', 'bioph_grouper_a'}"
/home/s.kamboj.400/unzipped-coral/Paola/Degraded_Reef/Pavonas_June2025/20250622_085919.WAV,{'bioph_cascading_saw'}
/home/s.kamboj.400/unzipped-coral/Paola/Non_Degraded_Reef/July_2024/20240723_133600.WAV,{'bioph_grouper_a'}
/home/s.kamboj.400/unzipped-coral/Paola/Non_Degraded_Reef/May_2025/20250319_212600.WAV,{'bioph_cascading_saw'}
/home/s.kamboj.400/unzipped-coral/Paola/Degraded_Reef/Feb_March_2024_Pavonas/20240228_124500.WAV,{'bioph_cascading_saw'}
/home/s.kamboj.400/unzipped-coral/Paola/Degraded_Reef/Feb_March_2024_Pavonas/20240227_020900.WAV,{'bioph_cascading_saw'}
/home/s.kamboj.400/unzipped-coral/Paola/Non_Degraded_Reef/May_2025/20250323_091300.WAV,{'bioph_cascading_saw'}
/home/s.kamboj.400/unzipped-coral/Paola/Degraded_Reef/Pavonas_June2025/20250623_111519.WAV,{'bioph_cascading_saw'}
/home/s.kamboj.400/unzipped-coral/Paola/Degraded_Reef/Pavonas_June2025/20250624_221620.WAV,{'bioph_cascading_saw'}
/home/s.kamboj.400/unzipped-coral/Paola/Degraded_Reef/Pavonas_June2025/20250626_215621.WAV,{'bioph_cascading_saw'}
/home/s.kamboj.400/unzipped-coral/Paola/Degraded_Reef/Pavonas_June2025/20250624_230220.WAV,{'bioph_cascading_saw'}
/home/s.kamboj.400/unzipped-coral/Paola/Degraded_Reef/Feb_March_2024_Pavonas/20240227_115900.WAV,{'bioph_holocentrus'}
/home/s.kamboj.400/unzipped-coral/Paola/Degraded_Reef/Pavonas_June2025/20250624_223120.WAV,"{'bioph_cascading_saw', 'bioph_grouper_a'}"
/home/s.kamboj.400/unzipped-coral/Paola/Degraded_Reef/Feb_March_2024_Pavonas/20240227_155700.WAV,{'bioph_cascading_saw'}
/home/s.kamboj.400/unzipped-coral/Paola/Degraded_Reef/April_2024_Pavonas/20240309_083200.WAV,{'bioph_cascading_saw'}
/home/s.kamboj.400/unzipped-coral/Paola/Degraded_Reef/April_2024_Pavonas/20240307_014200.WAV,{'bioph_cascading_saw'}
/home/s.kamboj.400/unzipped-coral/Paola/Non_Degraded_Reef/May_2025/20250316_075600.WAV,{'bioph_cascading_saw'}
/home/s.kamboj.400/unzipped-coral/Paola/Non_Degraded_Reef/July_2024/20240720_051400.WAV,{'bioph_cascading_saw'}
/home/s.kamboj.400/unzipped-coral/Paola/Degraded_Reef/Pavonas_June2025/20250622_102319.WAV,{'bioph_cascading_saw'}
/home/s.kamboj.400/unzipped-coral/Paola/Degraded_Reef/April_2024_Pavonas/20240307_002400.WAV,{'bioph_cascading_saw'}
/home/s.kamboj.400/unzipped-coral/Paola/Non_Degraded_Reef/May_2025/20250317_135600.WAV,{'bioph_cascading_saw'}
/home/s.kamboj.400/unzipped-coral/Paola/Non_Degraded_Reef/May_2025/20250318_205400.WAV,{'bioph_cascading_saw'}
/home/s.kamboj.400/unzipped-coral/Paola/Non_Degraded_Reef/July_2024/20240720_164800.WAV,{'bioph_cascading_saw'}
/home/s.kamboj.400/unzipped-coral/Paola/Degraded_Reef/Feb_March_2024_Pavonas/20240228_225300.WAV,{'bioph_cascading_saw'}
/home/s.kamboj.400/unzipped-coral/Paola/Non_Degraded_Reef/May_2025/20250321_071400.WAV,{'bioph_cascading_saw'}
/home/s.kamboj.400/unzipped-coral/Paola/Degraded_Reef/April_2024_Pavonas/20240308_090900.WAV,{'bioph_cascading_saw'}
/home/s.kamboj.400/unzipped-coral/Paola/Non_Degraded_Reef/July_2024/20240720_083600.WAV,{'bioph_cascading_saw'}
/home/s.kamboj.400/unzipped-coral/Paola/Non_Degraded_Reef/May_2025/20250316_120800.WAV,{'bioph_cascading_saw'}
/home/s.kamboj.400/unzipped-coral/Paola/Non_Degraded_Reef/May_2025/20250317_131000.WAV,{'bioph_cascading_saw'}
/home/s.kamboj.400/unzipped-coral/Paola/Non_Degraded_Reef/May_2025/20250320_084400.WAV,{'bioph_cascading_saw'}
/home/s.kamboj.400/unzipped-coral/Paola/Non_Degraded_Reef/May_2025/20250319_225203.WAV,{'bioph_cascading_saw'}
/home/s.kamboj.400/unzipped-coral/Paola/Non_Degraded_Reef/May_2025/20250321_133700.WAV,{'bioph_cascading_saw'}
/home/s.kamboj.400/unzipped-coral/Paola/Non_Degraded_Reef/July_2024/20240718_150800.WAV,{'bioph_cascading_saw'}
/home/s.kamboj.400/unzipped-coral/Paola/Non_Degraded_Reef/May_2025/20250318_120700.WAV,{'bioph_cascading_saw'}
/home/s.kamboj.400/unzipped-coral/Paola/Non_Degraded_Reef/May_2025/20250315_233801.WAV,{'bioph_cascading_saw'}
/home/s.kamboj.400/unzipped-coral/Paola/Degraded_Reef/Pavonas_June2025/20250624_142920.WAV,{'bioph_cascading_saw'}
/home/s.kamboj.400/unzipped-coral/Paola/Non_Degraded_Reef/May_2025/20250318_080000.WAV,{'bioph_cascading_saw'}
/home/s.kamboj.400/unzipped-coral/Paola/Non_Degraded_Reef/July_2024/20240717_185400.WAV,{'bioph_cascading_saw'}
/home/s.kamboj.400/unzipped-coral/Paola/Degraded_Reef/Pavonas_June2025/20250623_190420.WAV,{'bioph_cascading_saw'}
/home/s.kamboj.400/unzipped-coral/Paola/Non_Degraded_Reef/May_2025/20250322_094300.WAV,{'bioph_cascading_saw'}
/home/s.kamboj.400/unzipped-coral/Paola/Non_Degraded_Reef/May_2025/20250318_143800.WAV,{'bioph_cascading_saw'}
/home/s.kamboj.400/unzipped-coral/Paola/Degraded_Reef/Pavonas_June2025/20250625_090719.WAV,{'bioph_cascading_saw'}
/home/s.kamboj.400/unzipped-coral/Paola/Degraded_Reef/Pavonas_June2025/20250620_134019.WAV,{'bioph_cascading_saw'}
/home/s.kamboj.400/unzipped-coral/Paola/Degraded_Reef/Feb_March_2024_Pavonas/20240228_102600.WAV,"{'bioph_cascading_saw', 'bioph_grouper_a'}"
/home/s.kamboj.400/unzipped-coral/Paola/Degraded_Reef/Feb_March_2024_Pavonas/20240226_192400.WAV,{'bioph_holocentrus'}
/home/s.kamboj.400/unzipped-coral/Paola/Non_Degraded_Reef/May_2025/20250322_124100.WAV,{'bioph_cascading_saw'}
/home/s.kamboj.400/unzipped-coral/Paola/Degraded_Reef/Pavonas_June2025/20250622_143019.WAV,"{'bioph_cascading_saw', 'bioph'}"
/home/s.kamboj.400/unzipped-coral/Paola/Degraded_Reef/Pavonas_June2025/20250620_112519.WAV,{'bioph_cascading_saw'}
/home/s.kamboj.400/unzipped-coral/Paola/Non_Degraded_Reef/July_2024/20240716_160600.WAV,{'bioph_cascading_saw'}
/home/s.kamboj.400/unzipped-coral/Paola/Degraded_Reef/April_2024_Pavonas/20240307_000000.WAV,{'bioph_cascading_saw'}
/home/s.kamboj.400/unzipped-coral/Paola/Non_Degraded_Reef/July_2024/20240720_171200.WAV,{'bioph_cascading_saw'}
/home/s.kamboj.400/unzipped-coral/Paola/Degraded_Reef/Feb_March_2024_Pavonas/20240227_035800.WAV,{'bioph_cascading_saw'}
/home/s.kamboj.400/unzipped-coral/Paola/Degraded_Reef/April_2024_Pavonas/20240307_041300.WAV,{'bioph_croak'}
/home/s.kamboj.400/unzipped-coral/Paola/Degraded_Reef/Feb_March_2024_Pavonas/20240226_184300.WAV,{'bioph_cascading_saw'}
/home/s.kamboj.400/unzipped-coral/Paola/Non_Degraded_Reef/May_2025/20250315_213700.WAV,{'bioph_cascading_saw'}
/home/s.kamboj.400/unzipped-coral/Paola/Non_Degraded_Reef/May_2025/20250322_131200.WAV,{'bioph_cascading_saw'}
/home/s.kamboj.400/unzipped-coral/Paola/Degraded_Reef/Pavonas_June2025/20250628_113626.WAV,{'bioph'}
/home/s.kamboj.400/unzipped-coral/Paola/Degraded_Reef/Feb_March_2024_Pavonas/20240226_234600.WAV,{'bioph_cascading_saw'}
/home/s.kamboj.400/unzipped-coral/Paola/Non_Degraded_Reef/May_2025/20250322_112800.WAV,{'bioph_cascading_saw'}
/home/s.kamboj.400/unzipped-coral/Paola/Degraded_Reef/Pavonas_June2025/20250618_162418.WAV,{'bioph_cascading_saw'}
/home/s.kamboj.400/unzipped-coral/Paola/Degraded_Reef/Feb_March_2024_Pavonas/20240226_183400.WAV,{'bioph_cascading_saw'}
/home/s.kamboj.400/unzipped-coral/Paola/Non_Degraded_Reef/May_2025/20250318_085800.WAV,{'bioph_cascading_saw'}
/home/s.kamboj.400/unzipped-coral/Paola/Degraded_Reef/Pavonas_June2025/20250627_064432.WAV,{'bioph_cascading_saw'}
/home/s.kamboj.400/unzipped-coral/Paola/Degraded_Reef/Feb_March_2024_Pavonas/20240228_072000.WAV,{'bioph_cascading_saw'}
/home/s.kamboj.400/unzipped-coral/Paola/Degraded_Reef/Feb_March_2024_Pavonas/20240227_054200.WAV,{'bioph_croak'}
/home/s.kamboj.400/unzipped-coral/Paola/Degraded_Reef/April_2024_Pavonas/20240306_022500.WAV,{'bioph_cascading_saw'}
/home/s.kamboj.400/unzipped-coral/Paola/Degraded_Reef/Pavonas_June2025/20250625_065120.WAV,{'bioph_mycbon'}
/home/s.kamboj.400/unzipped-coral/Paola/Degraded_Reef/Pavonas_June2025/20250628_104722.WAV,"{'bioph_cascading_saw', 'bioph_holocentrus'}"
/home/s.kamboj.400/unzipped-coral/Paola/Degraded_Reef/Feb_March_2024_Pavonas/20240227_003200.WAV,{'bioph_cascading_saw'}
/home/s.kamboj.400/unzipped-coral/Paola/Degraded_Reef/April_2024_Pavonas/20240309_002400.WAV,{'bioph_cascading_saw'}
/home/s.kamboj.400/unzipped-coral/Paola/Degraded_Reef/Feb_March_2024_Pavonas/20240226_185700.WAV,{'bioph_cascading_saw'}
/home/s.kamboj.400/unzipped-coral/Paola/Non_Degraded_Reef/May_2025/20250318_155100.WAV,{'bioph_cascading_saw'}
/home/s.kamboj.400/unzipped-coral/Paola/Degraded_Reef/Pavonas_June2025/20250626_182420.WAV,{'bioph_cascading_saw'}
/home/s.kamboj.400/unzipped-coral/Paola/Degraded_Reef/Pavonas_June2025/20250627_063321.WAV,"{'bioph_cascading_saw', 'bioph'}"
/home/s.kamboj.400/unzipped-coral/Paola/Non_Degraded_Reef/July_2024/20240718_162800.WAV,{'bioph'}
/home/s.kamboj.400/unzipped-coral/Paola/Degraded_Reef/Feb_March_2024_Pavonas/20240227_211000.WAV,{'bioph_holocentrus'}
/home/s.kamboj.400/unzipped-coral/Paola/Degraded_Reef/Feb_March_2024_Pavonas/20240229_004300.WAV,"{'bioph_cascading_saw', 'geoph_waves'}"
/home/s.kamboj.400/unzipped-coral/Paola/Degraded_Reef/Feb_March_2024_Pavonas/20240227_101200.WAV,"{'bioph_cascading_saw', 'bioph_holocentrus'}"
/home/s.kamboj.400/unzipped-coral/Paola/Degraded_Reef/Pavonas_June2025/20250622_141819.WAV,{'bioph_cascading_saw'}
/home/s.kamboj.400/unzipped-coral/Paola/Degraded_Reef/Pavonas_June2025/20250622_064819.WAV,{'bioph_cascading_saw'}
/home/s.kamboj.400/unzipped-coral/Paola/Non_Degraded_Reef/May_2025/20250322_062700.WAV,{'bioph_cascading_saw'}
/home/s.kamboj.400/unzipped-coral/Paola/Degraded_Reef/Pavonas_June2025/20250624_095920.WAV,{'bioph_cascading_saw'}
/home/s.kamboj.400/unzipped-coral/Paola/Non_Degraded_Reef/July_2024/20240723_080000.WAV,{'bioph_holocentrus'}
/home/s.kamboj.400/unzipped-coral/Paola/Degraded_Reef/Feb_March_2024_Pavonas/20240229_161000.WAV,{'bioph_pulse'}
/home/s.kamboj.400/unzipped-coral/Paola/Non_Degraded_Reef/May_2025/20250319_080400.WAV,{'bioph_cascading_saw'}
/home/s.kamboj.400/unzipped-coral/Paola/Degraded_Reef/Pavonas_June2025/20250620_140618.WAV,{'bioph_cascading_saw'}
/home/s.kamboj.400/unzipped-coral/Paola/Degraded_Reef/Pavonas_June2025/20250619_140618.WAV,"{'bioph_cascading_saw', 'bioph'}"
/home/s.kamboj.400/unzipped-coral/Paola/Non_Degraded_Reef/May_2025/20250314_182200.WAV,{'bioph_cascading_saw'}
/home/s.kamboj.400/unzipped-coral/Paola/Degraded_Reef/Feb_March_2024_Pavonas/20240229_143800.WAV,{'bioph'}
/home/s.kamboj.400/unzipped-coral/Paola/Degraded_Reef/Feb_March_2024_Pavonas/20240227_185800.WAV,{'bioph_holocentrus'}
/home/s.kamboj.400/unzipped-coral/Paola/Degraded_Reef/Pavonas_June2025/20250624_190220.WAV,{'bioph_cascading_saw'}
/home/s.kamboj.400/unzipped-coral/Paola/Degraded_Reef/Feb_March_2024_Pavonas/20240228_075300.WAV,{'bioph_cascading_saw'}
/home/s.kamboj.400/unzipped-coral/Paola/Degraded_Reef/Feb_March_2024_Pavonas/20240227_000200.WAV,{'bioph_cascading_saw'}
/home/s.kamboj.400/unzipped-coral/Paola/Degraded_Reef/April_2024_Pavonas/20240308_085300.WAV,{'bioph_cascading_saw'}
/home/s.kamboj.400/unzipped-coral/Paola/Non_Degraded_Reef/May_2025/20250314_090900.WAV,{'bioph_cascading_saw'}
/home/s.kamboj.400/unzipped-coral/Paola/Degraded_Reef/Feb_March_2024_Pavonas/20240227_060900.WAV,{'bioph_cascading_saw'}
/home/s.kamboj.400/unzipped-coral/Paola/Degraded_Reef/Feb_March_2024_Pavonas/20240229_095000.WAV,{'bioph_cascading_saw'}
/home/s.kamboj.400/unzipped-coral/Paola/Degraded_Reef/Pavonas_June2025/20250621_122619.WAV,{'bioph_cascading_saw'}
/home/s.kamboj.400/unzipped-coral/Paola/Non_Degraded_Reef/July_2024/20240716_074600.WAV,{'bioph_cascading_saw'}
/home/s.kamboj.400/unzipped-coral/Paola/Non_Degraded_Reef/May_2025/20250321_194000.WAV,{'bioph_cascading_saw'}
/home/s.kamboj.400/unzipped-coral/Paola/Non_Degraded_Reef/May_2025/20250317_093101.WAV,{'bioph_cascading_saw'}
/home/s.kamboj.400/unzipped-coral/Paola/Degraded_Reef/Pavonas_June2025/20250622_074019.WAV,{'bioph_cascading_saw'}
/home/s.kamboj.400/unzipped-coral/Paola/Degraded_Reef/Feb_March_2024_Pavonas/20240229_090600.WAV,"{'bioph_cascading_saw', 'bioph'}"
/home/s.kamboj.400/unzipped-coral/Paola/Degraded_Reef/April_2024_Pavonas/20240307_213500.WAV,{'bioph_cascading_saw'}
/home/s.kamboj.400/unzipped-coral/Paola/Degraded_Reef/April_2024_Pavonas/20240308_081300.WAV,{'bioph_cascading_saw'}
/home/s.kamboj.400/unzipped-coral/Paola/Degraded_Reef/Feb_March_2024_Pavonas/20240227_014700.WAV,{'bioph_cascading_saw'}
/home/s.kamboj.400/unzipped-coral/Paola/Degraded_Reef/Pavonas_June2025/20250619_071218.WAV,{'bioph_cascading_saw'}
/home/s.kamboj.400/unzipped-coral/Paola/Degraded_Reef/April_2024_Pavonas/20240307_171200.WAV,{'bioph_cascading_saw'}
/home/s.kamboj.400/unzipped-coral/Paola/Degraded_Reef/April_2024_Pavonas/20240306_051700.WAV,{'bioph_cascading_saw'}
/home/s.kamboj.400/unzipped-coral/Paola/Degraded_Reef/Pavonas_June2025/20250623_112122.WAV,{'bioph_cascading_saw'}
/home/s.kamboj.400/unzipped-coral/Paola/Degraded_Reef/Pavonas_June2025/20250625_061321.WAV,{'bioph_cascading_saw'}
/home/s.kamboj.400/unzipped-coral/Paola/Degraded_Reef/April_2024_Pavonas/20240306_235500.WAV,{'bioph_cascading_saw'}
/home/s.kamboj.400/unzipped-coral/Paola/Non_Degraded_Reef/May_2025/20250321_065900.WAV,{'bioph_cascading_saw'}
/home/s.kamboj.400/unzipped-coral/Paola/Degraded_Reef/Pavonas_June2025/20250620_180019.WAV,{'bioph_cascading_saw'}
/home/s.kamboj.400/unzipped-coral/Paola/Non_Degraded_Reef/May_2025/20250319_162600.WAV,{'bioph_cascading_saw'}
/home/s.kamboj.400/unzipped-coral/Paola/Degraded_Reef/Pavonas_June2025/20250622_083219.WAV,{'bioph_cascading_saw'}
/home/s.kamboj.400/unzipped-coral/Paola/Non_Degraded_Reef/July_2024/20240721_113600.WAV,{'bioph_cascading_saw'}
/home/s.kamboj.400/unzipped-coral/Paola/Non_Degraded_Reef/May_2025/20250316_090600.WAV,{'bioph_cascading_saw'}
/home/s.kamboj.400/unzipped-coral/Paola/Degraded_Reef/Pavonas_June2025/20250625_171320.WAV,{'bioph_cascading_saw'}
/home/s.kamboj.400/unzipped-coral/Paola/Non_Degraded_Reef/July_2024/20240719_082600.WAV,{'bioph_cascading_saw'}
/home/s.kamboj.400/unzipped-coral/Paola/Degraded_Reef/Pavonas_June2025/20250626_170420.WAV,{'bioph_cascading_saw'}
/home/s.kamboj.400/unzipped-coral/Paola/Non_Degraded_Reef/July_2024/20240720_173400.WAV,{'bioph_cascading_saw'}
/home/s.kamboj.400/unzipped-coral/Paola/Degraded_Reef/Pavonas_June2025/20250627_231233.WAV,{'bioph_cascading_saw'}
/home/s.kamboj.400/unzipped-coral/Paola/Degraded_Reef/April_2024_Pavonas/20240307_160000.WAV,{'bioph_cascading_saw'}
/home/s.kamboj.400/unzipped-coral/Paola/Degraded_Reef/Pavonas_June2025/20250620_182319.WAV,{'bioph_cascading_saw'}
/home/s.kamboj.400/unzipped-coral/Paola/Degraded_Reef/Feb_March_2024_Pavonas/20240228_211500.WAV,{'bioph_cascading_saw'}
/home/s.kamboj.400/unzipped-coral/Paola/Non_Degraded_Reef/May_2025/20250320_085400.WAV,{'bioph_cascading_saw'}
/home/s.kamboj.400/unzipped-coral/Paola/Non_Degraded_Reef/May_2025/20250319_141200.WAV,{'bioph_cascading_saw'}
/home/s.kamboj.400/unzipped-coral/Paola/Degraded_Reef/Pavonas_June2025/20250625_123419.WAV,{'bioph_cascading_saw'}
/home/s.kamboj.400/unzipped-coral/Paola/Degraded_Reef/Pavonas_June2025/20250626_202320.WAV,{'bioph_cascading_saw'}
/home/s.kamboj.400/unzipped-coral/Paola/Degraded_Reef/Feb_March_2024_Pavonas/20240228_020100.WAV,{'bioph_cascading_saw'}
/home/s.kamboj.400/unzipped-coral/Paola/Degraded_Reef/April_2024_Pavonas/20240308_164500.WAV,{'bioph_cascading_saw'}
/home/s.kamboj.400/unzipped-coral/Paola/Non_Degraded_Reef/May_2025/20250317_083300.WAV,{'bioph_cascading_saw'}
/home/s.kamboj.400/unzipped-coral/Paola/Non_Degraded_Reef/May_2025/20250316_091800.WAV,{'bioph_cascading_saw'}
/home/s.kamboj.400/unzipped-coral/Paola/Degraded_Reef/Pavonas_June2025/20250621_183021.WAV,{'bioph_cascading_saw'}
/home/s.kamboj.400/unzipped-coral/Paola/Degraded_Reef/Pavonas_June2025/20250625_152920.WAV,{'bioph_cascading_saw'}
/home/s.kamboj.400/unzipped-coral/Paola/Degraded_Reef/Feb_March_2024_Pavonas/20240229_050800.WAV,{'bioph_cascading_saw'}
/home/s.kamboj.400/unzipped-coral/Paola/Non_Degraded_Reef/May_2025/20250317_105301.WAV,{'bioph_cascading_saw'}
/home/s.kamboj.400/unzipped-coral/Paola/Degraded_Reef/Feb_March_2024_Pavonas/20240229_132200.WAV,{'bioph_cascading_saw'}
/home/s.kamboj.400/unzipped-coral/Paola/Degraded_Reef/Pavonas_June2025/20250619_071418.WAV,{'bioph_cascading_saw'}
/home/s.kamboj.400/unzipped-coral/Paola/Non_Degraded_Reef/July_2024/20240718_175200.WAV,{'bioph_cascading_saw'}
/home/s.kamboj.400/unzipped-coral/Paola/Degraded_Reef/April_2024_Pavonas/20240308_234800.WAV,{'bioph_croak'}
/home/s.kamboj.400/unzipped-coral/Paola/Degraded_Reef/Pavonas_June2025/20250618_225918.WAV,{'bioph_grouper_a'}
/home/s.kamboj.400/unzipped-coral/Paola/Degraded_Reef/Pavonas_June2025/20250626_151121.WAV,{'bioph_grouper_a'}
/home/s.kamboj.400/unzipped-coral/Paola/Degraded_Reef/April_2024_Pavonas/20240307_233700.WAV,{'bioph_cascading_saw'}
/home/s.kamboj.400/unzipped-coral/Paola/Non_Degraded_Reef/July_2024/20240717_161400.WAV,"{'bioph_cascading_saw', 'bioph_holocentrus'}"
/home/s.kamboj.400/unzipped-coral/Paola/Degraded_Reef/Feb_March_2024_Pavonas/20240228_081000.WAV,{'bioph_cascading_saw'}
/home/s.kamboj.400/unzipped-coral/Paola/Degraded_Reef/Pavonas_June2025/20250626_110714.WAV,{'bioph_cascading_saw'}
/home/s.kamboj.400/unzipped-coral/Paola/Degraded_Reef/Pavonas_June2025/20250621_181619.WAV,{'bioph_cascading_saw'}
/home/s.kamboj.400/unzipped-coral/Paola/Degraded_Reef/Feb_March_2024_Pavonas/20240229_005100.WAV,{'bioph_cascading_saw'}
/home/s.kamboj.400/unzipped-coral/Paola/Non_Degraded_Reef/May_2025/20250319_121100.WAV,{'bioph_cascading_saw'}
/home/s.kamboj.400/unzipped-coral/Paola/Non_Degraded_Reef/May_2025/20250320_143600.WAV,{'bioph_cascading_saw'}
/home/s.kamboj.400/unzipped-coral/Paola/Degraded_Reef/April_2024_Pavonas/20240307_202200.WAV,"{'bioph_cascading_saw', 'bioph_knock_croak_b'}"
/home/s.kamboj.400/unzipped-coral/Paola/Degraded_Reef/Feb_March_2024_Pavonas/20240229_024400.WAV,{'bioph_cascading_saw'}
/home/s.kamboj.400/unzipped-coral/Paola/Non_Degraded_Reef/May_2025/20250318_100902.WAV,{'bioph_cascading_saw'}
/home/s.kamboj.400/unzipped-coral/Paola/Non_Degraded_Reef/May_2025/20250319_165600.WAV,{'bioph_cascading_saw'}
/home/s.kamboj.400/unzipped-coral/Paola/Degraded_Reef/Pavonas_June2025/20250625_201220.WAV,{'bioph_cascading_saw'}
/home/s.kamboj.400/unzipped-coral/Paola/Non_Degraded_Reef/May_2025/20250318_182000.WAV,{'bioph_cascading_saw'}
/home/s.kamboj.400/unzipped-coral/Paola/Degraded_Reef/April_2024_Pavonas/20240309_152000.WAV,{'bioph_grouper_a'}
/home/s.kamboj.400/unzipped-coral/Paola/Degraded_Reef/Feb_March_2024_Pavonas/20240229_084400.WAV,{'bioph_cascading_saw'}
/home/s.kamboj.400/unzipped-coral/Paola/Non_Degraded_Reef/May_2025/20250316_102200.WAV,{'bioph_cascading_saw'}
/home/s.kamboj.400/unzipped-coral/Paola/Non_Degraded_Reef/May_2025/20250321_185905.WAV,{'bioph_cascading_saw'}
/home/s.kamboj.400/unzipped-coral/Paola/Non_Degraded_Reef/July_2024/20240722_154000.WAV,{'bioph_cascading_saw'}
/home/s.kamboj.400/unzipped-coral/Paola/Degraded_Reef/Feb_March_2024_Pavonas/20240228_161900.WAV,{'bioph_cascading_saw'}
/home/s.kamboj.400/unzipped-coral/Paola/Degraded_Reef/April_2024_Pavonas/20240308_043300.WAV,{'bioph_cascading_saw'}
/home/s.kamboj.400/unzipped-coral/Paola/Degraded_Reef/Feb_March_2024_Pavonas/20240227_053300.WAV,{'bioph_cascading_saw'}
/home/s.kamboj.400/unzipped-coral/Paola/Degraded_Reef/Pavonas_June2025/20250622_173820.WAV,{'bioph_cascading_saw'}
/home/s.kamboj.400/unzipped-coral/Paola/Non_Degraded_Reef/July_2024/20240722_141400.WAV,{'bioph_cascading_saw'}
/home/s.kamboj.400/unzipped-coral/Paola/Degraded_Reef/April_2024_Pavonas/20240306_082000.WAV,{'bioph_grouper_a'}
/home/s.kamboj.400/unzipped-coral/Paola/Degraded_Reef/April_2024_Pavonas/20240306_233900.WAV,{'bioph_cascading_saw'}
/home/s.kamboj.400/unzipped-coral/Paola/Degraded_Reef/Pavonas_June2025/20250620_224319.WAV,{'bioph_cascading_saw'}
/home/s.kamboj.400/unzipped-coral/Paola/Degraded_Reef/April_2024_Pavonas/20240307_173500.WAV,{'bioph_cascading_saw'}
/home/s.kamboj.400/unzipped-coral/Paola/Degraded_Reef/Pavonas_June2025/20250624_201521.WAV,{'bioph_cascading_saw'}
/home/s.kamboj.400/unzipped-coral/Paola/Non_Degraded_Reef/July_2024/20240719_081400.WAV,{'bioph_cascading_saw'}
/home/s.kamboj.400/unzipped-coral/Paola/Non_Degraded_Reef/May_2025/20250319_081000.WAV,{'bioph_cascading_saw'}
/home/s.kamboj.400/unzipped-coral/Paola/Degraded_Reef/Feb_March_2024_Pavonas/20240226_164500.WAV,{'bioph_cascading_saw'}
/home/s.kamboj.400/unzipped-coral/Paola/Degraded_Reef/Feb_March_2024_Pavonas/20240229_050900.WAV,{'bioph_cascading_saw'}
/home/s.kamboj.400/unzipped-coral/Paola/Non_Degraded_Reef/May_2025/20250320_151300.WAV,{'bioph_cascading_saw'}
/home/s.kamboj.400/unzipped-coral/Paola/Non_Degraded_Reef/July_2024/20240722_214200.WAV,{'bioph_holocentrus'}
/home/s.kamboj.400/unzipped-coral/Paola/Non_Degraded_Reef/July_2024/20240721_110000.WAV,{'bioph_cascading_saw'}
/home/s.kamboj.400/unzipped-coral/Paola/Non_Degraded_Reef/May_2025/20250318_075500.WAV,{'bioph_cascading_saw'}
/home/s.kamboj.400/unzipped-coral/Paola/Non_Degraded_Reef/May_2025/20250318_093900.WAV,{'bioph_cascading_saw'}
/home/s.kamboj.400/unzipped-coral/Paola/Non_Degraded_Reef/July_2024/20240722_180600.WAV,{'bioph_cascading_saw'}
/home/s.kamboj.400/unzipped-coral/Paola/Non_Degraded_Reef/July_2024/20240720_180400.WAV,{'bioph_cascading_saw'}
/home/s.kamboj.400/unzipped-coral/Paola/Non_Degraded_Reef/May_2025/20250322_183000.WAV,{'bioph_cascading_saw'}
/home/s.kamboj.400/unzipped-coral/Paola/Degraded_Reef/Pavonas_June2025/20250619_063118.WAV,{'bioph_cascading_saw'}
/home/s.kamboj.400/unzipped-coral/Paola/Non_Degraded_Reef/May_2025/20250317_144301.WAV,{'bioph_cascading_saw'}
/home/s.kamboj.400/unzipped-coral/Paola/Degraded_Reef/April_2024_Pavonas/20240306_075800.WAV,{'bioph_cascading_saw'}
/home/s.kamboj.400/unzipped-coral/Paola/Non_Degraded_Reef/July_2024/20240721_175400.WAV,"{'bioph_cascading_saw', 'bioph_holocentrus'}"
/home/s.kamboj.400/unzipped-coral/Paola/Non_Degraded_Reef/May_2025/20250322_093800.WAV,{'bioph_cascading_saw'}
/home/s.kamboj.400/unzipped-coral/Paola/Degraded_Reef/Feb_March_2024_Pavonas/20240229_084900.WAV,{'bioph_cascading_saw'}
/home/s.kamboj.400/unzipped-coral/Paola/Non_Degraded_Reef/May_2025/20250319_170603.WAV,{'bioph_cascading_saw'}
/home/s.kamboj.400/unzipped-coral/Paola/Degraded_Reef/Pavonas_June2025/20250623_084621.WAV,{'bioph_cascading_saw'}
/home/s.kamboj.400/unzipped-coral/Paola/Degraded_Reef/Pavonas_June2025/20250624_071120.WAV,{'bioph'}
/home/s.kamboj.400/unzipped-coral/Paola/Degraded_Reef/April_2024_Pavonas/20240306_071400.WAV,{'bioph_cascading_saw'}
/home/s.kamboj.400/unzipped-coral/Paola/Degraded_Reef/Feb_March_2024_Pavonas/20240226_201700.WAV,{'bioph_holocentrus'}
/home/s.kamboj.400/unzipped-coral/Paola/Non_Degraded_Reef/May_2025/20250318_121300.WAV,{'bioph_cascading_saw'}
/home/s.kamboj.400/unzipped-coral/Paola/Non_Degraded_Reef/May_2025/20250318_112100.WAV,{'bioph_cascading_saw'}
/home/s.kamboj.400/unzipped-coral/Paola/Non_Degraded_Reef/May_2025/20250320_084201.WAV,{'bioph_cascading_saw'}
/home/s.kamboj.400/unzipped-coral/Paola/Non_Degraded_Reef/July_2024/20240721_114600.WAV,{'bioph_cascading_saw'}
/home/s.kamboj.400/unzipped-coral/Paola/Non_Degraded_Reef/May_2025/20250320_152700.WAV,{'bioph_cascading_saw'}
/home/s.kamboj.400/unzipped-coral/Paola/Degraded_Reef/Pavonas_June2025/20250628_083221.WAV,{'bioph_cascading_saw'}
/home/s.kamboj.400/unzipped-coral/Paola/Degraded_Reef/Pavonas_June2025/20250627_083222.WAV,"{'bioph_cascading_saw', 'bioph'}"
/home/s.kamboj.400/unzipped-coral/Paola/Degraded_Reef/Feb_March_2024_Pavonas/20240228_224400.WAV,{'bioph_cascading_saw'}
/home/s.kamboj.400/unzipped-coral/Paola/Non_Degraded_Reef/May_2025/20250315_221500.WAV,{'bioph_cascading_saw'}
/home/s.kamboj.400/unzipped-coral/Paola/Degraded_Reef/Pavonas_June2025/20250624_060620.WAV,{'bioph_cascading_saw'}
/home/s.kamboj.400/unzipped-coral/Paola/Degraded_Reef/Feb_March_2024_Pavonas/20240228_021000.WAV,{'bioph_cascading_saw'}
/home/s.kamboj.400/unzipped-coral/Paola/Non_Degraded_Reef/May_2025/20250320_112601.WAV,{'bioph_cascading_saw'}
/home/s.kamboj.400/unzipped-coral/Paola/Degraded_Reef/Pavonas_June2025/20250619_150218.WAV,{'bioph_cascading_saw'}
/home/s.kamboj.400/unzipped-coral/Paola/Degraded_Reef/April_2024_Pavonas/20240308_052600.WAV,{'bioph_cascading_saw'}
/home/s.kamboj.400/unzipped-coral/Paola/Degraded_Reef/Pavonas_June2025/20250619_163318.WAV,{'bioph_cascading_saw'}
/home/s.kamboj.400/unzipped-coral/Paola/Non_Degraded_Reef/May_2025/20250317_074500.WAV,{'bioph_cascading_saw'}
/home/s.kamboj.400/unzipped-coral/Paola/Degraded_Reef/April_2024_Pavonas/20240307_200600.WAV,{'bioph_cascading_saw'}
/home/s.kamboj.400/unzipped-coral/Paola/Degraded_Reef/Pavonas_June2025/20250622_193719.WAV,{'bioph'}
/home/s.kamboj.400/unzipped-coral/Paola/Degraded_Reef/Feb_March_2024_Pavonas/20240229_144800.WAV,"{'bioph_cascading_saw', 'bioph_croak'}"
/home/s.kamboj.400/unzipped-coral/Paola/Degraded_Reef/Feb_March_2024_Pavonas/20240228_094300.WAV,{'bioph_cascading_saw'}
/home/s.kamboj.400/unzipped-coral/Paola/Degraded_Reef/Pavonas_June2025/20250627_110720.WAV,{'bioph_cascading_saw'}
/home/s.kamboj.400/unzipped-coral/Paola/Non_Degraded_Reef/May_2025/20250323_061000.WAV,{'bioph_cascading_saw'}
/home/s.kamboj.400/unzipped-coral/Paola/Degraded_Reef/Pavonas_June2025/20250626_153921.WAV,{'bioph_grouper_a'}
/home/s.kamboj.400/unzipped-coral/Paola/Non_Degraded_Reef/July_2024/20240723_100600.WAV,{'bioph_cascading_saw'}
/home/s.kamboj.400/unzipped-coral/Paola/Non_Degraded_Reef/May_2025/20250319_150700.WAV,{'bioph_cascading_saw'}
/home/s.kamboj.400/unzipped-coral/Paola/Non_Degraded_Reef/July_2024/20240721_081600.WAV,{'bioph_cascading_saw'}
/home/s.kamboj.400/unzipped-coral/Paola/Non_Degraded_Reef/May_2025/20250322_070800.WAV,{'bioph_cascading_saw'}
/home/s.kamboj.400/unzipped-coral/Paola/Degraded_Reef/Pavonas_June2025/20250626_103622.WAV,{'bioph_cascading_saw'}
/home/s.kamboj.400/unzipped-coral/Paola/Non_Degraded_Reef/May_2025/20250318_095100.WAV,{'bioph_holocentrus'}
/home/s.kamboj.400/unzipped-coral/Paola/Non_Degraded_Reef/July_2024/20240719_191200.WAV,{'bioph_cascading_saw'}
/home/s.kamboj.400/unzipped-coral/Paola/Non_Degraded_Reef/May_2025/20250323_064000.WAV,{'bioph_cascading_saw'}
/home/s.kamboj.400/unzipped-coral/Paola/Non_Degraded_Reef/May_2025/20250322_083900.WAV,{'bioph_cascading_saw'}
/home/s.kamboj.400/unzipped-coral/Paola/Degraded_Reef/April_2024_Pavonas/20240309_115400.WAV,{'bioph_cascading_saw'}
/home/s.kamboj.400/unzipped-coral/Paola/Degraded_Reef/Feb_March_2024_Pavonas/20240228_162100.WAV,{'bioph_holocentrus'}
/home/s.kamboj.400/unzipped-coral/Paola/Degraded_Reef/April_2024_Pavonas/20240307_033400.WAV,{'bioph_grouper_a'}
/home/s.kamboj.400/unzipped-coral/Paola/Degraded_Reef/Feb_March_2024_Pavonas/20240226_162600.WAV,{'bioph'}
/home/s.kamboj.400/unzipped-coral/Paola/Degraded_Reef/Pavonas_June2025/20250619_060213.WAV,{'bioph_cascading_saw'}
/home/s.kamboj.400/unzipped-coral/Paola/Non_Degraded_Reef/May_2025/20250318_125500.WAV,{'bioph_cascading_saw'}
/home/s.kamboj.400/unzipped-coral/Paola/Non_Degraded_Reef/May_2025/20250320_234300.WAV,{'bioph_cascading_saw'}
/home/s.kamboj.400/unzipped-coral/Paola/Non_Degraded_Reef/July_2024/20240724_133600.WAV,{'bioph_cascading_saw'}
/home/s.kamboj.400/unzipped-coral/Paola/Non_Degraded_Reef/May_2025/20250320_223900.WAV,{'bioph_cascading_saw'}
/home/s.kamboj.400/unzipped-coral/Paola/Degraded_Reef/Feb_March_2024_Pavonas/20240228_021900.WAV,{'bioph_cascading_saw'}
/home/s.kamboj.400/unzipped-coral/Paola/Non_Degraded_Reef/May_2025/20250316_092300.WAV,{'bioph_cascading_saw'}
/home/s.kamboj.400/unzipped-coral/Paola/Non_Degraded_Reef/May_2025/20250316_074800.WAV,{'bioph_cascading_saw'}
/home/s.kamboj.400/unzipped-coral/Paola/Degraded_Reef/Feb_March_2024_Pavonas/20240229_233700.WAV,{'bioph_cascading_saw'}
/home/s.kamboj.400/unzipped-coral/Paola/Degraded_Reef/April_2024_Pavonas/20240308_230400.WAV,{'bioph_cascading_saw'}
/home/s.kamboj.400/unzipped-coral/Paola/Degraded_Reef/Pavonas_June2025/20250628_063025.WAV,{'bioph'}
/home/s.kamboj.400/unzipped-coral/Paola/Non_Degraded_Reef/May_2025/20250320_090100.WAV,{'bioph_cascading_saw'}
/home/s.kamboj.400/unzipped-coral/Paola/Non_Degraded_Reef/May_2025/20250318_131100.WAV,{'bioph_cascading_saw'}
/home/s.kamboj.400/unzipped-coral/Paola/Non_Degraded_Reef/May_2025/20250321_153800.WAV,{'bioph_cascading_saw'}
/home/s.kamboj.400/unzipped-coral/Paola/Non_Degraded_Reef/May_2025/20250320_124901.WAV,{'bioph_cascading_saw'}
/home/s.kamboj.400/unzipped-coral/Paola/Non_Degraded_Reef/May_2025/20250321_114000.WAV,{'bioph_cascading_saw'}
/home/s.kamboj.400/unzipped-coral/Paola/Degraded_Reef/Pavonas_June2025/20250621_144919.WAV,{'bioph_cascading_saw'}
/home/s.kamboj.400/unzipped-coral/Paola/Degraded_Reef/April_2024_Pavonas/20240306_010700.WAV,{'bioph_cascading_saw'}
/home/s.kamboj.400/unzipped-coral/Paola/Degraded_Reef/Pavonas_June2025/20250625_084715.WAV,{'bioph_cascading_saw'}
/home/s.kamboj.400/unzipped-coral/Paola/Degraded_Reef/Pavonas_June2025/20250625_204323.WAV,{'bioph_cascading_saw'}
/home/s.kamboj.400/unzipped-coral/Paola/Degraded_Reef/April_2024_Pavonas/20240306_204500.WAV,{'bioph_cascading_saw'}
/home/s.kamboj.400/unzipped-coral/Paola/Degraded_Reef/Feb_March_2024_Pavonas/20240228_010300.WAV,{'bioph_holocentrus'}
/home/s.kamboj.400/unzipped-coral/Paola/Degraded_Reef/Pavonas_June2025/20250626_230115.WAV,{'bioph_cascading_saw'}
/home/s.kamboj.400/unzipped-coral/Paola/Non_Degraded_Reef/May_2025/20250314_084800.WAV,{'bioph_cascading_saw'}
/home/s.kamboj.400/unzipped-coral/Paola/Non_Degraded_Reef/May_2025/20250321_092000.WAV,{'bioph_cascading_saw'}
/home/s.kamboj.400/unzipped-coral/Paola/Non_Degraded_Reef/July_2024/20240723_042800.WAV,{'bioph_cascading_saw'}
/home/s.kamboj.400/unzipped-coral/Paola/Degraded_Reef/Pavonas_June2025/20250626_071620.WAV,{'bioph_cascading_saw'}
/home/s.kamboj.400/unzipped-coral/Paola/Degraded_Reef/Feb_March_2024_Pavonas/20240226_204100.WAV,{'bioph_holocentrus'}
/home/s.kamboj.400/unzipped-coral/Paola/Degraded_Reef/Pavonas_June2025/20250628_114522.WAV,{'bioph'}
/home/s.kamboj.400/unzipped-coral/Paola/Degraded_Reef/April_2024_Pavonas/20240307_160600.WAV,{'bioph_cascading_saw'}
/home/s.kamboj.400/unzipped-coral/Paola/Non_Degraded_Reef/May_2025/20250317_121700.WAV,{'bioph_cascading_saw'}
/home/s.kamboj.400/unzipped-coral/Paola/Non_Degraded_Reef/May_2025/20250320_224800.WAV,{'bioph_cascading_saw'}
/home/s.kamboj.400/unzipped-coral/Paola/Non_Degraded_Reef/May_2025/20250317_083400.WAV,{'bioph_cascading_saw'}
/home/s.kamboj.400/unzipped-coral/Paola/Degraded_Reef/April_2024_Pavonas/20240307_071500.WAV,{'bioph_cascading_saw'}
/home/s.kamboj.400/unzipped-coral/Paola/Degraded_Reef/Feb_March_2024_Pavonas/20240226_215000.WAV,{'bioph_holocentrus'}
/home/s.kamboj.400/unzipped-coral/Paola/Non_Degraded_Reef/May_2025/20250314_090500.WAV,{'bioph_cascading_saw'}
/home/s.kamboj.400/unzipped-coral/Paola/Degraded_Reef/Pavonas_June2025/20250625_172119.WAV,{'bioph_cascading_saw'}
/home/s.kamboj.400/unzipped-coral/Paola/Degraded_Reef/Feb_March_2024_Pavonas/20240229_082500.WAV,{'bioph_cascading_saw'}
/home/s.kamboj.400/unzipped-coral/Paola/Non_Degraded_Reef/May_2025/20250318_111300.WAV,{'bioph_cascading_saw'}
/home/s.kamboj.400/unzipped-coral/Paola/Degraded_Reef/Feb_March_2024_Pavonas/20240229_134000.WAV,{'bioph_cascading_saw'}
/home/s.kamboj.400/unzipped-coral/Paola/Non_Degraded_Reef/May_2025/20250314_195000.WAV,{'bioph_cascading_saw'}
/home/s.kamboj.400/unzipped-coral/Paola/Degraded_Reef/Pavonas_June2025/20250626_185221.WAV,{'bioph_cascading_saw'}
/home/s.kamboj.400/unzipped-coral/Paola/Degraded_Reef/April_2024_Pavonas/20240308_215200.WAV,{'bioph_cascading_saw'}
/home/s.kamboj.400/unzipped-coral/Paola/Degraded_Reef/Pavonas_June2025/20250624_173919.WAV,"{'bioph_cascading_saw', 'bioph_growl'}"
/home/s.kamboj.400/unzipped-coral/Paola/Degraded_Reef/Pavonas_June2025/20250621_061318.WAV,{'bioph_cascading_saw'}
/home/s.kamboj.400/unzipped-coral/Paola/Non_Degraded_Reef/July_2024/20240717_060600.WAV,{'bioph_cascading_saw'}
/home/s.kamboj.400/unzipped-coral/Paola/Degraded_Reef/Pavonas_June2025/20250624_224716.WAV,{'bioph_cascading_saw'}
/home/s.kamboj.400/unzipped-coral/Paola/Non_Degraded_Reef/May_2025/20250315_095800.WAV,{'bioph_cascading_saw'}
/home/s.kamboj.400/unzipped-coral/Paola/Non_Degraded_Reef/May_2025/20250320_141800.WAV,{'bioph_cascading_saw'}
/home/s.kamboj.400/unzipped-coral/Paola/Degraded_Reef/Feb_March_2024_Pavonas/20240228_074200.WAV,"{'bioph_cascading_saw', 'bioph'}"
/home/s.kamboj.400/unzipped-coral/Paola/Non_Degraded_Reef/May_2025/20250317_103802.WAV,{'bioph_cascading_saw'}
/home/s.kamboj.400/unzipped-coral/Paola/Degraded_Reef/Pavonas_June2025/20250622_082720.WAV,"{'bioph_cascading_saw', 'bioph_mycbon'}"
/home/s.kamboj.400/unzipped-coral/Paola/Degraded_Reef/April_2024_Pavonas/20240307_235300.WAV,{'bioph_cascading_saw'}
/home/s.kamboj.400/unzipped-coral/Paola/Non_Degraded_Reef/May_2025/20250320_103900.WAV,{'bioph_cascading_saw'}
/home/s.kamboj.400/unzipped-coral/Paola/Degraded_Reef/Feb_March_2024_Pavonas/20240227_212000.WAV,{'bioph_cascading_saw'}
/home/s.kamboj.400/unzipped-coral/Paola/Degraded_Reef/April_2024_Pavonas/20240308_035700.WAV,{'bioph_cascading_saw'}
/home/s.kamboj.400/unzipped-coral/Paola/Degraded_Reef/Pavonas_June2025/20250621_083819.WAV,{'bioph_cascading_saw'}
/home/s.kamboj.400/unzipped-coral/Paola/Non_Degraded_Reef/May_2025/20250323_084906.WAV,{'bioph_cascading_saw'}
/home/s.kamboj.400/unzipped-coral/Paola/Degraded_Reef/Pavonas_June2025/20250620_081418.WAV,{'bioph_cascading_saw'}
/home/s.kamboj.400/unzipped-coral/Paola/Degraded_Reef/Pavonas_June2025/20250626_185920.WAV,{'bioph_cascading_saw'}
/home/s.kamboj.400/unzipped-coral/Paola/Degraded_Reef/Feb_March_2024_Pavonas/20240228_102100.WAV,{'bioph_pulse'}
/home/s.kamboj.400/unzipped-coral/Paola/Degraded_Reef/Pavonas_June2025/20250626_100020.WAV,{'bioph_cascading_saw'}
/home/s.kamboj.400/unzipped-coral/Paola/Degraded_Reef/Pavonas_June2025/20250624_113823.WAV,{'bioph_cascading_saw'}
/home/s.kamboj.400/unzipped-coral/Paola/Non_Degraded_Reef/May_2025/20250320_152200.WAV,{'bioph_cascading_saw'}
/home/s.kamboj.400/unzipped-coral/Paola/Degraded_Reef/Pavonas_June2025/20250621_205219.WAV,{'bioph_cascading_saw'}
/home/s.kamboj.400/unzipped-coral/Paola/Degraded_Reef/Pavonas_June2025/20250626_184920.WAV,{'bioph_cascading_saw'}
/home/s.kamboj.400/unzipped-coral/Paola/Degraded_Reef/April_2024_Pavonas/20240309_020200.WAV,{'bioph_cascading_saw'}
/home/s.kamboj.400/unzipped-coral/Paola/Non_Degraded_Reef/May_2025/20250321_081000.WAV,{'bioph_grouper_a'}
/home/s.kamboj.400/unzipped-coral/Paola/Non_Degraded_Reef/May_2025/20250321_221705.WAV,{'bioph_cascading_saw'}
/home/s.kamboj.400/unzipped-coral/Paola/Degraded_Reef/April_2024_Pavonas/20240306_171300.WAV,{'bioph_cascading_saw'}
/home/s.kamboj.400/unzipped-coral/Paola/Non_Degraded_Reef/July_2024/20240716_072800.WAV,{'bioph_cascading_saw'}
/home/s.kamboj.400/unzipped-coral/Paola/Non_Degraded_Reef/July_2024/20240718_123400.WAV,{'bioph_cascading_saw'}
/home/s.kamboj.400/unzipped-coral/Paola/Non_Degraded_Reef/May_2025/20250320_122000.WAV,{'bioph_cascading_saw'}
/home/s.kamboj.400/unzipped-coral/Paola/Degraded_Reef/Feb_March_2024_Pavonas/20240226_225000.WAV,{'bioph_cascading_saw'}
/home/s.kamboj.400/unzipped-coral/Paola/Degraded_Reef/Pavonas_June2025/20250626_203023.WAV,{'bioph_cascading_saw'}
/home/s.kamboj.400/unzipped-coral/Paola/Degraded_Reef/Pavonas_June2025/20250626_143520.WAV,{'bioph_cascading_saw'}
/home/s.kamboj.400/unzipped-coral/Paola/Degraded_Reef/Feb_March_2024_Pavonas/20240229_115400.WAV,{'bioph_cascading_saw'}
/home/s.kamboj.400/unzipped-coral/Paola/Degraded_Reef/Feb_March_2024_Pavonas/20240227_104600.WAV,{'bioph_cascading_saw'}
/home/s.kamboj.400/unzipped-coral/Paola/Degraded_Reef/Pavonas_June2025/20250619_163518.WAV,{'bioph_cascading_saw'}
/home/s.kamboj.400/unzipped-coral/Paola/Degraded_Reef/April_2024_Pavonas/20240310_024300.WAV,{'bioph_cascading_saw'}
/home/s.kamboj.400/unzipped-coral/Paola/Degraded_Reef/April_2024_Pavonas/20240307_073700.WAV,{'bioph_cascading_saw'}
/home/s.kamboj.400/unzipped-coral/Paola/Degraded_Reef/April_2024_Pavonas/20240309_114000.WAV,{'bioph_cascading_saw'}
/home/s.kamboj.400/unzipped-coral/Paola/Degraded_Reef/Pavonas_June2025/20250618_220118.WAV,{'bioph_cascading_saw'}
/home/s.kamboj.400/unzipped-coral/Paola/Non_Degraded_Reef/May_2025/20250314_201600.WAV,{'bioph_cascading_saw'}
/home/s.kamboj.400/unzipped-coral/Paola/Non_Degraded_Reef/May_2025/20250316_080601.WAV,{'geoph_waves'}
/home/s.kamboj.400/unzipped-coral/Paola/Non_Degraded_Reef/May_2025/20250322_081600.WAV,{'bioph_cascading_saw'}
/home/s.kamboj.400/unzipped-coral/Paola/Non_Degraded_Reef/May_2025/20250315_222100.WAV,{'bioph_cascading_saw'}
/home/s.kamboj.400/unzipped-coral/Paola/Non_Degraded_Reef/May_2025/20250322_183505.WAV,{'bioph_cascading_saw'}
/home/s.kamboj.400/unzipped-coral/Paola/Non_Degraded_Reef/May_2025/20250316_071601.WAV,{'bioph_cascading_saw'}
/home/s.kamboj.400/unzipped-coral/Paola/Degraded_Reef/Pavonas_June2025/20250621_121820.WAV,{'bioph_cascading_saw'}
/home/s.kamboj.400/unzipped-coral/Paola/Degraded_Reef/Pavonas_June2025/20250626_223815.WAV,{'bioph_cascading_saw'}
/home/s.kamboj.400/unzipped-coral/Paola/Degraded_Reef/Feb_March_2024_Pavonas/20240229_062400.WAV,{'bioph_cascading_saw'}
/home/s.kamboj.400/unzipped-coral/Paola/Non_Degraded_Reef/May_2025/20250322_122400.WAV,{'bioph_cascading_saw'}
/home/s.kamboj.400/unzipped-coral/Paola/Degraded_Reef/Feb_March_2024_Pavonas/20240227_091700.WAV,{'bioph_holocentrus'}
/home/s.kamboj.400/unzipped-coral/Paola/Non_Degraded_Reef/May_2025/20250318_084800.WAV,{'bioph_cascading_saw'}
/home/s.kamboj.400/unzipped-coral/Paola/Degraded_Reef/Pavonas_June2025/20250619_233318.WAV,{'bioph_cascading_saw'}
/home/s.kamboj.400/unzipped-coral/Paola/Non_Degraded_Reef/May_2025/20250319_180300.WAV,{'bioph_cascading_saw'}
/home/s.kamboj.400/unzipped-coral/Paola/Degraded_Reef/April_2024_Pavonas/20240306_171600.WAV,{'bioph_cascading_saw'}
/home/s.kamboj.400/unzipped-coral/Paola/Non_Degraded_Reef/May_2025/20250319_070900.WAV,{'bioph_cascading_saw'}
/home/s.kamboj.400/unzipped-coral/Paola/Non_Degraded_Reef/July_2024/20240717_224600.WAV,{'bioph_grouper_a'}
/home/s.kamboj.400/unzipped-coral/Paola/Degraded_Reef/Pavonas_June2025/20250622_081719.WAV,{'bioph_cascading_saw'}
/home/s.kamboj.400/unzipped-coral/Paola/Degraded_Reef/April_2024_Pavonas/20240306_083500.WAV,{'bioph_grouper_a'}
/home/s.kamboj.400/unzipped-coral/Paola/Non_Degraded_Reef/May_2025/20250318_151400.WAV,{'bioph_cascading_saw'}
/home/s.kamboj.400/unzipped-coral/Paola/Degraded_Reef/April_2024_Pavonas/20240306_080300.WAV,{'bioph_cascading_saw'}
/home/s.kamboj.400/unzipped-coral/Paola/Degraded_Reef/Feb_March_2024_Pavonas/20240229_091400.WAV,{'bioph_cascading_saw'}
/home/s.kamboj.400/unzipped-coral/Paola/Non_Degraded_Reef/May_2025/20250318_152000.WAV,{'bioph_cascading_saw'}
/home/s.kamboj.400/unzipped-coral/Paola/Non_Degraded_Reef/May_2025/20250320_104300.WAV,{'bioph_cascading_saw'}
/home/s.kamboj.400/unzipped-coral/Paola/Degraded_Reef/Pavonas_June2025/20250624_121020.WAV,{'bioph_cascading_saw'}
/home/s.kamboj.400/unzipped-coral/Paola/Non_Degraded_Reef/May_2025/20250318_062400.WAV,{'bioph_cascading_saw'}
/home/s.kamboj.400/unzipped-coral/Paola/Degraded_Reef/Pavonas_June2025/20250623_103719.WAV,{'bioph_cascading_saw'}
/home/s.kamboj.400/unzipped-coral/Paola/Degraded_Reef/Pavonas_June2025/20250625_161120.WAV,{'bioph'}
/home/s.kamboj.400/unzipped-coral/Paola/Degraded_Reef/Pavonas_June2025/20250625_062520.WAV,{'bioph_cascading_saw'}
/home/s.kamboj.400/unzipped-coral/Paola/Degraded_Reef/Pavonas_June2025/20250623_202220.WAV,{'bioph_cascading_saw'}
/home/s.kamboj.400/unzipped-coral/Paola/Degraded_Reef/April_2024_Pavonas/20240307_041000.WAV,{'bioph_cascading_saw'}
/home/s.kamboj.400/unzipped-coral/Paola/Degraded_Reef/Feb_March_2024_Pavonas/20240227_092800.WAV,{'bioph_cascading_saw'}
/home/s.kamboj.400/unzipped-coral/Paola/Degraded_Reef/Feb_March_2024_Pavonas/20240229_003300.WAV,{'bioph_cascading_saw'}
/home/s.kamboj.400/unzipped-coral/Paola/Degraded_Reef/Feb_March_2024_Pavonas/20240227_103400.WAV,{'bioph_cascading_saw'}
/home/s.kamboj.400/unzipped-coral/Paola/Degraded_Reef/Feb_March_2024_Pavonas/20240227_042900.WAV,"{'bioph_cascading_saw', 'bioph_grazing'}"
/home/s.kamboj.400/unzipped-coral/Paola/Degraded_Reef/Feb_March_2024_Pavonas/20240229_003100.WAV,{'geoph_waves'}
/home/s.kamboj.400/unzipped-coral/Paola/Degraded_Reef/Feb_March_2024_Pavonas/20240227_104000.WAV,{'bioph_cascading_saw'}
/home/s.kamboj.400/unzipped-coral/Paola/Non_Degraded_Reef/May_2025/20250323_062200.WAV,{'bioph_cascading_saw'}
/home/s.kamboj.400/unzipped-coral/Paola/Non_Degraded_Reef/July_2024/20240717_162600.WAV,{'bioph_cascading_saw'}
/home/s.kamboj.400/unzipped-coral/Paola/Non_Degraded_Reef/July_2024/20240721_164200.WAV,{'bioph_cascading_saw'}
/home/s.kamboj.400/unzipped-coral/Paola/Degraded_Reef/Pavonas_June2025/20250619_183918.WAV,{'bioph_cascading_saw'}
/home/s.kamboj.400/unzipped-coral/Paola/Non_Degraded_Reef/May_2025/20250318_124500.WAV,{'bioph_cascading_saw'}
/home/s.kamboj.400/unzipped-coral/Paola/Non_Degraded_Reef/July_2024/20240723_134400.WAV,{'bioph_holocentrus'}
/home/s.kamboj.400/unzipped-coral/Paola/Degraded_Reef/Pavonas_June2025/20250619_065418.WAV,{'bioph_cascading_saw'}
/home/s.kamboj.400/unzipped-coral/Paola/Non_Degraded_Reef/May_2025/20250317_140700.WAV,{'bioph_cascading_saw'}
/home/s.kamboj.400/unzipped-coral/Paola/Non_Degraded_Reef/May_2025/20250319_194200.WAV,{'bioph_cascading_saw'}
/home/s.kamboj.400/unzipped-coral/Paola/Non_Degraded_Reef/July_2024/20240721_091400.WAV,{'bioph_cascading_saw'}
/home/s.kamboj.400/unzipped-coral/Paola/Non_Degraded_Reef/May_2025/20250315_211500.WAV,{'bioph_cascading_saw'}
/home/s.kamboj.400/unzipped-coral/Paola/Degraded_Reef/April_2024_Pavonas/20240307_152900.WAV,{'bioph_cascading_saw'}
/home/s.kamboj.400/unzipped-coral/Paola/Degraded_Reef/Feb_March_2024_Pavonas/20240228_031700.WAV,{'bioph_pulse'}
/home/s.kamboj.400/unzipped-coral/Paola/Degraded_Reef/Pavonas_June2025/20250619_115219.WAV,{'bioph_cascading_saw'}
/home/s.kamboj.400/unzipped-coral/Paola/Degraded_Reef/Pavonas_June2025/20250621_075619.WAV,{'bioph_holocentrus'}
/home/s.kamboj.400/unzipped-coral/Paola/Degraded_Reef/April_2024_Pavonas/20240308_204000.WAV,{'bioph_cascading_saw'}
/home/s.kamboj.400/unzipped-coral/Paola/Non_Degraded_Reef/May_2025/20250314_085600.WAV,{'bioph_cascading_saw'}
/home/s.kamboj.400/unzipped-coral/Paola/Non_Degraded_Reef/May_2025/20250323_065500.WAV,{'bioph_cascading_saw'}
/home/s.kamboj.400/unzipped-coral/Paola/Degraded_Reef/Feb_March_2024_Pavonas/20240229_074600.WAV,{'bioph_cascading_saw'}
/home/s.kamboj.400/unzipped-coral/Paola/Degraded_Reef/Feb_March_2024_Pavonas/20240226_224200.WAV,{'bioph_holocentrus'}
/home/s.kamboj.400/unzipped-coral/Paola/Degraded_Reef/April_2024_Pavonas/20240306_145800.WAV,{'bioph_cascading_saw'}
/home/s.kamboj.400/unzipped-coral/Paola/Non_Degraded_Reef/May_2025/20250317_201700.WAV,{'bioph_cascading_saw'}
/home/s.kamboj.400/unzipped-coral/Paola/Degraded_Reef/April_2024_Pavonas/20240308_060400.WAV,{'bioph_cascading_saw'}
/home/s.kamboj.400/unzipped-coral/Paola/Degraded_Reef/Pavonas_June2025/20250623_194420.WAV,{'bioph_cascading_saw'}
/home/s.kamboj.400/unzipped-coral/Paola/Degraded_Reef/Pavonas_June2025/20250620_214918.WAV,{'bioph_cascading_saw'}
/home/s.kamboj.400/unzipped-coral/Paola/Degraded_Reef/Feb_March_2024_Pavonas/20240227_222400.WAV,{'bioph_holocentrus'}
/home/s.kamboj.400/unzipped-coral/Paola/Degraded_Reef/Feb_March_2024_Pavonas/20240228_080200.WAV,{'bioph_cascading_saw'}
/home/s.kamboj.400/unzipped-coral/Paola/Degraded_Reef/April_2024_Pavonas/20240307_070300.WAV,{'bioph_cascading_saw'}
/home/s.kamboj.400/unzipped-coral/Paola/Degraded_Reef/Feb_March_2024_Pavonas/20240226_234400.WAV,"{'bioph_holocentrus', 'bioph_grouper_a'}"
/home/s.kamboj.400/unzipped-coral/Paola/Degraded_Reef/April_2024_Pavonas/20240309_210900.WAV,{'bioph_cascading_saw'}
/home/s.kamboj.400/unzipped-coral/Paola/Non_Degraded_Reef/May_2025/20250323_081501.WAV,{'bioph_cascading_saw'}
/home/s.kamboj.400/unzipped-coral/Paola/Degraded_Reef/Pavonas_June2025/20250621_184919.WAV,{'bioph_cascading_saw'}
/home/s.kamboj.400/unzipped-coral/Paola/Non_Degraded_Reef/May_2025/20250319_130400.WAV,{'bioph_cascading_saw'}
/home/s.kamboj.400/unzipped-coral/Paola/Non_Degraded_Reef/July_2024/20240717_150200.WAV,{'bioph_cascading_saw'}
/home/s.kamboj.400/unzipped-coral/Paola/Degraded_Reef/April_2024_Pavonas/20240307_014700.WAV,{'bioph_cascading_saw'}
/home/s.kamboj.400/unzipped-coral/Paola/Non_Degraded_Reef/May_2025/20250321_124900.WAV,{'bioph_cascading_saw'}
/home/s.kamboj.400/unzipped-coral/Paola/Degraded_Reef/Pavonas_June2025/20250623_205420.WAV,{'bioph_cascading_saw'}
/home/s.kamboj.400/unzipped-coral/Paola/Degraded_Reef/Feb_March_2024_Pavonas/20240226_205600.WAV,{'bioph_cascading_saw'}
/home/s.kamboj.400/unzipped-coral/Paola/Non_Degraded_Reef/May_2025/20250318_083200.WAV,{'bioph_cascading_saw'}
/home/s.kamboj.400/unzipped-coral/Paola/Non_Degraded_Reef/July_2024/20240720_183000.WAV,"{'bioph_cascading_saw', 'bioph'}"
/home/s.kamboj.400/unzipped-coral/Paola/Non_Degraded_Reef/July_2024/20240724_175600.WAV,{'bioph_cascading_saw'}
/home/s.kamboj.400/unzipped-coral/Paola/Degraded_Reef/Pavonas_June2025/20250627_071324.WAV,{'bioph_mycbon'}
/home/s.kamboj.400/unzipped-coral/Paola/Non_Degraded_Reef/July_2024/20240718_220200.WAV,{'bioph_cascading_saw'}
/home/s.kamboj.400/unzipped-coral/Paola/Degraded_Reef/Pavonas_June2025/20250622_102519.WAV,{'bioph_cascading_saw'}
/home/s.kamboj.400/unzipped-coral/Paola/Non_Degraded_Reef/July_2024/20240719_171600.WAV,{'bioph_cascading_saw'}
/home/s.kamboj.400/unzipped-coral/Paola/Degraded_Reef/Feb_March_2024_Pavonas/20240227_110500.WAV,{'bioph_cascading_saw'}
/home/s.kamboj.400/unzipped-coral/Paola/Degraded_Reef/Pavonas_June2025/20250621_110420.WAV,{'bioph_cascading_saw'}
/home/s.kamboj.400/unzipped-coral/Paola/Degraded_Reef/Feb_March_2024_Pavonas/20240229_161300.WAV,{'bioph_cascading_saw'}
/home/s.kamboj.400/unzipped-coral/Paola/Degraded_Reef/Pavonas_June2025/20250624_231720.WAV,{'bioph_cascading_saw'}
/home/s.kamboj.400/unzipped-coral/Paola/Degraded_Reef/Feb_March_2024_Pavonas/20240227_003900.WAV,{'bioph_cascading_saw'}
/home/s.kamboj.400/unzipped-coral/Paola/Degraded_Reef/April_2024_Pavonas/20240307_100700.WAV,{'bioph_cascading_saw'}
/home/s.kamboj.400/unzipped-coral/Paola/Non_Degraded_Reef/July_2024/20240724_174000.WAV,{'bioph_damselfish'}
/home/s.kamboj.400/unzipped-coral/Paola/Degraded_Reef/Feb_March_2024_Pavonas/20240229_092600.WAV,{'bioph_cascading_saw'}
/home/s.kamboj.400/unzipped-coral/Paola/Non_Degraded_Reef/July_2024/20240718_131200.WAV,{'bioph_cascading_saw'}
/home/s.kamboj.400/unzipped-coral/Paola/Non_Degraded_Reef/July_2024/20240718_111200.WAV,{'bioph_cascading_saw'}
/home/s.kamboj.400/unzipped-coral/Paola/Non_Degraded_Reef/May_2025/20250321_173705.WAV,{'bioph_cascading_saw'}
/home/s.kamboj.400/unzipped-coral/Paola/Degraded_Reef/Feb_March_2024_Pavonas/20240229_140500.WAV,{'bioph_cascading_saw'}
/home/s.kamboj.400/unzipped-coral/Paola/Degraded_Reef/Pavonas_June2025/20250626_142720.WAV,{'bioph_cascading_saw'}
/home/s.kamboj.400/unzipped-coral/Paola/Non_Degraded_Reef/May_2025/20250322_063000.WAV,{'bioph_cascading_saw'}
/home/s.kamboj.400/unzipped-coral/Paola/Degraded_Reef/Pavonas_June2025/20250619_060321.WAV,{'bioph'}
/home/s.kamboj.400/unzipped-coral/Paola/Non_Degraded_Reef/May_2025/20250320_061100.WAV,{'bioph_cascading_saw'}
/home/s.kamboj.400/unzipped-coral/Paola/Degraded_Reef/Pavonas_June2025/20250619_200718.WAV,{'bioph_cascading_saw'}
/home/s.kamboj.400/unzipped-coral/Paola/Degraded_Reef/Feb_March_2024_Pavonas/20240228_120500.WAV,{'bioph_cascading_saw'}
/home/s.kamboj.400/unzipped-coral/Paola/Degraded_Reef/Pavonas_June2025/20250622_183819.WAV,{'bioph_cascading_saw'}
/home/s.kamboj.400/unzipped-coral/Paola/Non_Degraded_Reef/May_2025/20250314_081300.WAV,{'bioph_cascading_saw'}
/home/s.kamboj.400/unzipped-coral/Paola/Degraded_Reef/Feb_March_2024_Pavonas/20240227_210500.WAV,{'bioph_holocentrus'}
/home/s.kamboj.400/unzipped-coral/Paola/Non_Degraded_Reef/May_2025/20250321_082300.WAV,{'bioph_cascading_saw'}
/home/s.kamboj.400/unzipped-coral/Paola/Non_Degraded_Reef/May_2025/20250321_102701.WAV,{'bioph_cascading_saw'}
/home/s.kamboj.400/unzipped-coral/Paola/Non_Degraded_Reef/July_2024/20240723_151400.WAV,{'bioph_cascading_saw'}
/home/s.kamboj.400/unzipped-coral/Paola/Degraded_Reef/Feb_March_2024_Pavonas/20240227_184600.WAV,{'bioph_cascading_saw'}
/home/s.kamboj.400/unzipped-coral/Paola/Degraded_Reef/Pavonas_June2025/20250621_070919.WAV,{'bioph_cascading_saw'}
/home/s.kamboj.400/unzipped-coral/Paola/Non_Degraded_Reef/May_2025/20250318_082500.WAV,{'bioph_cascading_saw'}
/home/s.kamboj.400/unzipped-coral/Paola/Degraded_Reef/Pavonas_June2025/20250627_223915.WAV,{'bioph_holocentrus'}
/home/s.kamboj.400/unzipped-coral/Paola/Non_Degraded_Reef/July_2024/20240723_105200.WAV,{'bioph_cascading_saw'}
/home/s.kamboj.400/unzipped-coral/Paola/Non_Degraded_Reef/May_2025/20250321_164601.WAV,{'bioph_cascading_saw'}
/home/s.kamboj.400/unzipped-coral/Paola/Non_Degraded_Reef/July_2024/20240718_135000.WAV,{'bioph_cascading_saw'}
/home/s.kamboj.400/unzipped-coral/Paola/Degraded_Reef/Feb_March_2024_Pavonas/20240229_012400.WAV,{'bioph_cascading_saw'}
/home/s.kamboj.400/unzipped-coral/Paola/Non_Degraded_Reef/May_2025/20250314_060900.WAV,{'bioph_cascading_saw'}
/home/s.kamboj.400/unzipped-coral/Paola/Non_Degraded_Reef/May_2025/20250322_070900.WAV,{'bioph_cascading_saw'}
/home/s.kamboj.400/unzipped-coral/Paola/Non_Degraded_Reef/May_2025/20250319_121900.WAV,{'bioph_cascading_saw'}
/home/s.kamboj.400/unzipped-coral/Paola/Non_Degraded_Reef/May_2025/20250318_152500.WAV,{'bioph_cascading_saw'}
/home/s.kamboj.400/unzipped-coral/Paola/Non_Degraded_Reef/May_2025/20250316_185900.WAV,{'geoph_waves'}
/home/s.kamboj.400/unzipped-coral/Paola/Degraded_Reef/Feb_March_2024_Pavonas/20240226_204600.WAV,{'bioph'}
/home/s.kamboj.400/unzipped-coral/Paola/Degraded_Reef/Pavonas_June2025/20250619_123218.WAV,{'bioph'}
/home/s.kamboj.400/unzipped-coral/Paola/Degraded_Reef/April_2024_Pavonas/20240309_091700.WAV,{'bioph_cascading_saw'}
/home/s.kamboj.400/unzipped-coral/Paola/Degraded_Reef/Pavonas_June2025/20250620_182919.WAV,{'bioph_cascading_saw'}
/home/s.kamboj.400/unzipped-coral/Paola/Degraded_Reef/Feb_March_2024_Pavonas/20240228_014100.WAV,{'bioph_cascading_saw'}
/home/s.kamboj.400/unzipped-coral/Paola/Degraded_Reef/Pavonas_June2025/20250619_064818.WAV,{'bioph_cascading_saw'}
/home/s.kamboj.400/unzipped-coral/Paola/Degraded_Reef/April_2024_Pavonas/20240307_120600.WAV,{'bioph_cascading_saw'}
/home/s.kamboj.400/unzipped-coral/Paola/Non_Degraded_Reef/July_2024/20240718_163800.WAV,{'bioph_cascading_saw'}
/home/s.kamboj.400/unzipped-coral/Paola/Degraded_Reef/Feb_March_2024_Pavonas/20240227_223300.WAV,{'bioph_holocentrus'}
/home/s.kamboj.400/unzipped-coral/Paola/Degraded_Reef/April_2024_Pavonas/20240307_084000.WAV,{'bioph_damselfish'}
/home/s.kamboj.400/unzipped-coral/Paola/Degraded_Reef/Feb_March_2024_Pavonas/20240226_161900.WAV,{'bioph_cascading_saw'}
/home/s.kamboj.400/unzipped-coral/Paola/Degraded_Reef/Pavonas_June2025/20250625_074716.WAV,{'bioph_cascading_saw'}
/home/s.kamboj.400/unzipped-coral/Paola/Non_Degraded_Reef/May_2025/20250319_160600.WAV,{'bioph_cascading_saw'}
/home/s.kamboj.400/unzipped-coral/Paola/Non_Degraded_Reef/May_2025/20250323_062500.WAV,{'bioph_cascading_saw'}
/home/s.kamboj.400/unzipped-coral/Paola/Non_Degraded_Reef/May_2025/20250320_094400.WAV,{'bioph_cascading_saw'}
/home/s.kamboj.400/unzipped-coral/Paola/Non_Degraded_Reef/May_2025/20250318_144300.WAV,{'bioph_cascading_saw'}
/home/s.kamboj.400/unzipped-coral/Paola/Degraded_Reef/Feb_March_2024_Pavonas/20240228_112900.WAV,{'bioph_cascading_saw'}
/home/s.kamboj.400/unzipped-coral/Paola/Degraded_Reef/Feb_March_2024_Pavonas/20240228_115300.WAV,{'bioph_cascading_saw'}
/home/s.kamboj.400/unzipped-coral/Paola/Degraded_Reef/Pavonas_June2025/20250622_161619.WAV,{'bioph_cascading_saw'}
/home/s.kamboj.400/unzipped-coral/Paola/Non_Degraded_Reef/May_2025/20250317_072700.WAV,{'bioph_cascading_saw'}
/home/s.kamboj.400/unzipped-coral/Paola/Non_Degraded_Reef/May_2025/20250322_122300.WAV,{'bioph_cascading_saw'}
/home/s.kamboj.400/unzipped-coral/Paola/Degraded_Reef/Pavonas_June2025/20250626_164119.WAV,{'bioph_cascading_saw'}
/home/s.kamboj.400/unzipped-coral/Paola/Non_Degraded_Reef/July_2024/20240717_172400.WAV,{'bioph_cascading_saw'}
/home/s.kamboj.400/unzipped-coral/Paola/Degraded_Reef/Pavonas_June2025/20250623_222122.WAV,{'bioph_low_growl'}
/home/s.kamboj.400/unzipped-coral/Paola/Non_Degraded_Reef/May_2025/20250318_181000.WAV,{'bioph_cascading_saw'}
/home/s.kamboj.400/unzipped-coral/Paola/Degraded_Reef/April_2024_Pavonas/20240306_164000.WAV,{'bioph_cascading_saw'}
/home/s.kamboj.400/unzipped-coral/Paola/Degraded_Reef/April_2024_Pavonas/20240308_163600.WAV,{'bioph_cascading_saw'}
/home/s.kamboj.400/unzipped-coral/Paola/Non_Degraded_Reef/May_2025/20250319_153400.WAV,{'bioph_cascading_saw'}
/home/s.kamboj.400/unzipped-coral/Paola/Degraded_Reef/April_2024_Pavonas/20240309_165900.WAV,{'bioph_cascading_saw'}
/home/s.kamboj.400/unzipped-coral/Paola/Degraded_Reef/April_2024_Pavonas/20240310_085200.WAV,{'bioph_cascading_saw'}
/home/s.kamboj.400/unzipped-coral/Paola/Degraded_Reef/Feb_March_2024_Pavonas/20240228_105100.WAV,{'bioph_cascading_saw'}
/home/s.kamboj.400/unzipped-coral/Paola/Non_Degraded_Reef/May_2025/20250316_081100.WAV,{'bioph_cascading_saw'}
/home/s.kamboj.400/unzipped-coral/Paola/Degraded_Reef/Pavonas_June2025/20250626_100631.WAV,{'bioph_cascading_saw'}
/home/s.kamboj.400/unzipped-coral/Paola/Degraded_Reef/April_2024_Pavonas/20240306_072900.WAV,{'bioph'}
/home/s.kamboj.400/unzipped-coral/Paola/Degraded_Reef/Pavonas_June2025/20250625_114920.WAV,{'bioph_cascading_saw'}
/home/s.kamboj.400/unzipped-coral/Paola/Degraded_Reef/April_2024_Pavonas/20240309_101600.WAV,{'bioph_cascading_saw'}
/home/s.kamboj.400/unzipped-coral/Paola/Non_Degraded_Reef/July_2024/20240716_110200.WAV,{'bioph_cascading_saw'}
/home/s.kamboj.400/unzipped-coral/Paola/Degraded_Reef/April_2024_Pavonas/20240307_202000.WAV,{'bioph_cascading_saw'}
/home/s.kamboj.400/unzipped-coral/Paola/Degraded_Reef/Pavonas_June2025/20250626_130321.WAV,{'bioph_cascading_saw'}
/home/s.kamboj.400/unzipped-coral/Paola/Degraded_Reef/April_2024_Pavonas/20240309_020500.WAV,{'bioph'}
/home/s.kamboj.400/unzipped-coral/Paola/Degraded_Reef/April_2024_Pavonas/20240309_132500.WAV,{'bioph_cascading_saw'}
/home/s.kamboj.400/unzipped-coral/Paola/Degraded_Reef/April_2024_Pavonas/20240307_175700.WAV,{'bioph_cascading_saw'}
/home/s.kamboj.400/unzipped-coral/Paola/Degraded_Reef/April_2024_Pavonas/20240309_142300.WAV,{'bioph_low_growl'}
/home/s.kamboj.400/unzipped-coral/Paola/Non_Degraded_Reef/May_2025/20250318_075300.WAV,{'bioph_cascading_saw'}
/home/s.kamboj.400/unzipped-coral/Paola/Non_Degraded_Reef/May_2025/20250323_064500.WAV,{'bioph_cascading_saw'}
/home/s.kamboj.400/unzipped-coral/Paola/Degraded_Reef/Feb_March_2024_Pavonas/20240228_214300.WAV,{'bioph_holocentrus'}
/home/s.kamboj.400/unzipped-coral/Paola/Non_Degraded_Reef/May_2025/20250319_225800.WAV,{'bioph_cascading_saw'}
/home/s.kamboj.400/unzipped-coral/Paola/Degraded_Reef/Feb_March_2024_Pavonas/20240227_233200.WAV,{'bioph_holocentrus'}
/home/s.kamboj.400/unzipped-coral/Paola/Degraded_Reef/April_2024_Pavonas/20240307_195000.WAV,{'bioph_cascading_saw'}
/home/s.kamboj.400/unzipped-coral/Paola/Degraded_Reef/Pavonas_June2025/20250619_132718.WAV,{'bioph_cascading_saw'}
/home/s.kamboj.400/unzipped-coral/Paola/Degraded_Reef/Pavonas_June2025/20250627_114825.WAV,{'bioph_grouper_a'}
/home/s.kamboj.400/unzipped-coral/Paola/Non_Degraded_Reef/July_2024/20240722_165600.WAV,"{'bioph_cascading_saw', 'bioph_knock_croak_b'}"
/home/s.kamboj.400/unzipped-coral/Paola/Non_Degraded_Reef/May_2025/20250314_224900.WAV,{'bioph_cascading_saw'}
/home/s.kamboj.400/unzipped-coral/Paola/Degraded_Reef/April_2024_Pavonas/20240309_175400.WAV,{'bioph_holocentrus'}
/home/s.kamboj.400/unzipped-coral/Paola/Non_Degraded_Reef/May_2025/20250315_080700.WAV,{'bioph_cascading_saw'}
/home/s.kamboj.400/unzipped-coral/Paola/Non_Degraded_Reef/May_2025/20250317_184600.WAV,{'bioph_cascading_saw'}
/home/s.kamboj.400/unzipped-coral/Paola/Non_Degraded_Reef/May_2025/20250315_094700.WAV,{'bioph_cascading_saw'}
/home/s.kamboj.400/unzipped-coral/Paola/Degraded_Reef/April_2024_Pavonas/20240309_070100.WAV,{'bioph_cascading_saw'}
/home/s.kamboj.400/unzipped-coral/Paola/Degraded_Reef/Feb_March_2024_Pavonas/20240227_011800.WAV,{'bioph_cascading_saw'}
/home/s.kamboj.400/unzipped-coral/Paola/Degraded_Reef/Pavonas_June2025/20250623_120019.WAV,{'bioph_cascading_saw'}
/home/s.kamboj.400/unzipped-coral/Paola/Non_Degraded_Reef/May_2025/20250319_165500.WAV,{'bioph_cascading_saw'}
/home/s.kamboj.400/unzipped-coral/Paola/Non_Degraded_Reef/May_2025/20250318_192200.WAV,{'bioph_cascading_saw'}
/home/s.kamboj.400/unzipped-coral/Paola/Degraded_Reef/Feb_March_2024_Pavonas/20240228_025100.WAV,{'bioph_cascading_saw'}
/home/s.kamboj.400/unzipped-coral/Paola/Degraded_Reef/Pavonas_June2025/20250620_180918.WAV,{'bioph_cascading_saw'}
/home/s.kamboj.400/unzipped-coral/Paola/Non_Degraded_Reef/July_2024/20240721_215800.WAV,{'bioph_damselfish'}
/home/s.kamboj.400/unzipped-coral/Paola/Degraded_Reef/April_2024_Pavonas/20240307_232300.WAV,{'bioph_cascading_saw'}
/home/s.kamboj.400/unzipped-coral/Paola/Degraded_Reef/Feb_March_2024_Pavonas/20240226_213700.WAV,{'bioph_cascading_saw'}
/home/s.kamboj.400/unzipped-coral/Paola/Non_Degraded_Reef/May_2025/20250315_112000.WAV,{'bioph_cascading_saw'}
/home/s.kamboj.400/unzipped-coral/Paola/Non_Degraded_Reef/May_2025/20250318_161900.WAV,{'bioph_cascading_saw'}
/home/s.kamboj.400/unzipped-coral/Paola/Non_Degraded_Reef/May_2025/20250320_202300.WAV,{'bioph_cascading_saw'}
/home/s.kamboj.400/unzipped-coral/Paola/Degraded_Reef/April_2024_Pavonas/20240306_060600.WAV,{'bioph_cascading_saw'}
/home/s.kamboj.400/unzipped-coral/Paola/Degraded_Reef/April_2024_Pavonas/20240307_180100.WAV,{'bioph_cascading_saw'}
/home/s.kamboj.400/unzipped-coral/Paola/Degraded_Reef/Pavonas_June2025/20250623_144620.WAV,{'bioph_cascading_saw'}
/home/s.kamboj.400/unzipped-coral/Paola/Degraded_Reef/Feb_March_2024_Pavonas/20240228_093000.WAV,{'bioph_cascading_saw'}
/home/s.kamboj.400/unzipped-coral/Paola/Degraded_Reef/Feb_March_2024_Pavonas/20240229_224500.WAV,{'bioph_cascading_saw'}
/home/s.kamboj.400/unzipped-coral/Paola/Degraded_Reef/Feb_March_2024_Pavonas/20240227_181000.WAV,{'bioph_cascading_saw'}
/home/s.kamboj.400/unzipped-coral/Paola/Non_Degraded_Reef/July_2024/20240717_133200.WAV,{'bioph_cascading_saw'}
/home/s.kamboj.400/unzipped-coral/Paola/Non_Degraded_Reef/May_2025/20250322_111100.WAV,{'bioph_cascading_saw'}
/home/s.kamboj.400/unzipped-coral/Paola/Non_Degraded_Reef/May_2025/20250316_104000.WAV,{'bioph_cascading_saw'}
/home/s.kamboj.400/unzipped-coral/Paola/Degraded_Reef/Feb_March_2024_Pavonas/20240228_115600.WAV,{'bioph_cascading_saw'}
/home/s.kamboj.400/unzipped-coral/Paola/Degraded_Reef/Feb_March_2024_Pavonas/20240301_012400.WAV,{'bioph_cascading_saw'}
/home/s.kamboj.400/unzipped-coral/Paola/Non_Degraded_Reef/May_2025/20250322_102200.WAV,{'bioph_cascading_saw'}
/home/s.kamboj.400/unzipped-coral/Paola/Non_Degraded_Reef/May_2025/20250318_095800.WAV,{'bioph_cascading_saw'}
/home/s.kamboj.400/unzipped-coral/Paola/Non_Degraded_Reef/July_2024/20240718_085200.WAV,{'bioph_cascading_saw'}
/home/s.kamboj.400/unzipped-coral/Paola/Non_Degraded_Reef/July_2024/20240723_084800.WAV,{'bioph_cascading_saw'}
/home/s.kamboj.400/unzipped-coral/Paola/Non_Degraded_Reef/May_2025/20250320_154900.WAV,{'bioph_cascading_saw'}
/home/s.kamboj.400/unzipped-coral/Paola/Non_Degraded_Reef/May_2025/20250320_141204.WAV,{'bioph_cascading_saw'}
/home/s.kamboj.400/unzipped-coral/Paola/Non_Degraded_Reef/May_2025/20250320_185900.WAV,{'bioph_pulse'}
/home/s.kamboj.400/unzipped-coral/Paola/Degraded_Reef/Feb_March_2024_Pavonas/20240227_040800.WAV,{'bioph_cascading_saw'}
/home/s.kamboj.400/unzipped-coral/Paola/Non_Degraded_Reef/May_2025/20250315_094900.WAV,{'bioph_cascading_saw'}
/home/s.kamboj.400/unzipped-coral/Paola/Degraded_Reef/Feb_March_2024_Pavonas/20240227_025500.WAV,{'bioph_cascading_saw'}
/home/s.kamboj.400/unzipped-coral/Paola/Non_Degraded_Reef/May_2025/20250320_215900.WAV,{'bioph_cascading_saw'}
/home/s.kamboj.400/unzipped-coral/Paola/Non_Degraded_Reef/May_2025/20250320_163000.WAV,{'bioph_cascading_saw'}
/home/s.kamboj.400/unzipped-coral/Paola/Non_Degraded_Reef/May_2025/20250317_124700.WAV,{'bioph_cascading_saw'}
/home/s.kamboj.400/unzipped-coral/Paola/Degraded_Reef/Pavonas_June2025/20250622_113119.WAV,{'bioph_cascading_saw'}
/home/s.kamboj.400/unzipped-coral/Paola/Non_Degraded_Reef/July_2024/20240717_195200.WAV,"{'bioph_cascading_saw', 'bioph_damselfish'}"
/home/s.kamboj.400/unzipped-coral/Paola/Degraded_Reef/Feb_March_2024_Pavonas/20240226_200800.WAV,{'bioph_cascading_saw'}
/home/s.kamboj.400/unzipped-coral/Paola/Degraded_Reef/Feb_March_2024_Pavonas/20240226_200600.WAV,{'bioph_holocentrus'}
/home/s.kamboj.400/unzipped-coral/Paola/Degraded_Reef/Pavonas_June2025/20250622_065819.WAV,{'bioph_cascading_saw'}
/home/s.kamboj.400/unzipped-coral/Paola/Non_Degraded_Reef/July_2024/20240719_095200.WAV,{'bioph_cascading_saw'}
/home/s.kamboj.400/unzipped-coral/Paola/Degraded_Reef/Feb_March_2024_Pavonas/20240228_212300.WAV,{'bioph_holocentrus'}
/home/s.kamboj.400/unzipped-coral/Paola/Degraded_Reef/April_2024_Pavonas/20240306_041100.WAV,{'bioph_cascading_saw'}
/home/s.kamboj.400/unzipped-coral/Paola/Non_Degraded_Reef/July_2024/20240723_090200.WAV,{'bioph_cascading_saw'}
/home/s.kamboj.400/unzipped-coral/Paola/Degraded_Reef/Pavonas_June2025/20250627_222520.WAV,{'bioph_cascading_saw'}
/home/s.kamboj.400/unzipped-coral/Paola/Non_Degraded_Reef/May_2025/20250315_081600.WAV,{'bioph_cascading_saw'}
/home/s.kamboj.400/unzipped-coral/Paola/Non_Degraded_Reef/July_2024/20240724_065000.WAV,{'bioph_cascading_saw'}
/home/s.kamboj.400/unzipped-coral/Paola/Degraded_Reef/Feb_March_2024_Pavonas/20240228_112500.WAV,{'bioph_cascading_saw'}
/home/s.kamboj.400/unzipped-coral/Paola/Non_Degraded_Reef/July_2024/20240717_115800.WAV,{'bioph_cascading_saw'}
/home/s.kamboj.400/unzipped-coral/Paola/Degraded_Reef/Feb_March_2024_Pavonas/20240229_181300.WAV,{'bioph_cascading_saw'}
/home/s.kamboj.400/unzipped-coral/Paola/Non_Degraded_Reef/May_2025/20250322_184900.WAV,{'bioph_cascading_saw'}
/home/s.kamboj.400/unzipped-coral/Paola/Degraded_Reef/Pavonas_June2025/20250628_073422.WAV,{'bioph_cascading_saw'}
/home/s.kamboj.400/unzipped-coral/Paola/Degraded_Reef/April_2024_Pavonas/20240308_010100.WAV,{'bioph_cascading_saw'}
/home/s.kamboj.400/unzipped-coral/Paola/Degraded_Reef/Pavonas_June2025/20250628_102225.WAV,{'bioph_cascading_saw'}
/home/s.kamboj.400/unzipped-coral/Paola/Non_Degraded_Reef/May_2025/20250315_133001.WAV,{'bioph_cascading_saw'}
/home/s.kamboj.400/unzipped-coral/Paola/Degraded_Reef/Feb_March_2024_Pavonas/20240227_070700.WAV,{'bioph_cascading_saw'}
/home/s.kamboj.400/unzipped-coral/Paola/Degraded_Reef/Pavonas_June2025/20250625_103220.WAV,{'bioph_cascading_saw'}
/home/s.kamboj.400/unzipped-coral/Paola/Non_Degraded_Reef/May_2025/20250316_232200.WAV,{'geoph_waves'}
/home/s.kamboj.400/unzipped-coral/Paola/Non_Degraded_Reef/May_2025/20250318_122300.WAV,{'bioph_cascading_saw'}
/home/s.kamboj.400/unzipped-coral/Paola/Degraded_Reef/Feb_March_2024_Pavonas/20240229_081200.WAV,{'bioph_cascading_saw'}
/home/s.kamboj.400/unzipped-coral/Paola/Degraded_Reef/April_2024_Pavonas/20240308_060300.WAV,{'bioph_cascading_saw'}
/home/s.kamboj.400/unzipped-coral/Paola/Non_Degraded_Reef/May_2025/20250316_125800.WAV,{'bioph_cascading_saw'}
/home/s.kamboj.400/unzipped-coral/Paola/Non_Degraded_Reef/May_2025/20250316_184800.WAV,{'bioph_cascading_saw'}
/home/s.kamboj.400/unzipped-coral/Paola/Degraded_Reef/April_2024_Pavonas/20240309_074200.WAV,{'bioph_cascading_saw'}
/home/s.kamboj.400/unzipped-coral/Paola/Non_Degraded_Reef/July_2024/20240722_183200.WAV,{'bioph_cascading_saw'}
/home/s.kamboj.400/unzipped-coral/Paola/Degraded_Reef/Pavonas_June2025/20250623_195619.WAV,{'bioph_cascading_saw'}
/home/s.kamboj.400/unzipped-coral/Paola/Degraded_Reef/Feb_March_2024_Pavonas/20240226_202300.WAV,{'bioph_cascading_saw'}
/home/s.kamboj.400/unzipped-coral/Paola/Degraded_Reef/Pavonas_June2025/20250621_152519.WAV,{'bioph_cascading_saw'}
/home/s.kamboj.400/unzipped-coral/Paola/Non_Degraded_Reef/May_2025/20250318_130000.WAV,{'bioph_cascading_saw'}
/home/s.kamboj.400/unzipped-coral/Paola/Degraded_Reef/April_2024_Pavonas/20240306_141800.WAV,{'bioph_cascading_saw'}
/home/s.kamboj.400/unzipped-coral/Paola/Degraded_Reef/Pavonas_June2025/20250623_150420.WAV,{'bioph_cascading_saw'}
/home/s.kamboj.400/unzipped-coral/Paola/Degraded_Reef/Pavonas_June2025/20250620_194319.WAV,{'bioph_cascading_saw'}
/home/s.kamboj.400/unzipped-coral/Paola/Degraded_Reef/Pavonas_June2025/20250620_182017.WAV,{'bioph_cascading_saw'}
/home/s.kamboj.400/unzipped-coral/Paola/Degraded_Reef/April_2024_Pavonas/20240306_201900.WAV,{'bioph_cascading_saw'}
/home/s.kamboj.400/unzipped-coral/Paola/Degraded_Reef/Feb_March_2024_Pavonas/20240229_000000.WAV,"{'bioph_cascading_saw', 'bioph_pulse'}"
/home/s.kamboj.400/unzipped-coral/Paola/Degraded_Reef/Pavonas_June2025/20250624_112615.WAV,{'bioph_cascading_saw'}
/home/s.kamboj.400/unzipped-coral/Paola/Degraded_Reef/Feb_March_2024_Pavonas/20240228_113200.WAV,{'bioph_cascading_saw'}
/home/s.kamboj.400/unzipped-coral/Paola/Degraded_Reef/April_2024_Pavonas/20240306_123900.WAV,{'bioph_low_growl'}
/home/s.kamboj.400/unzipped-coral/Paola/Degraded_Reef/Pavonas_June2025/20250622_185520.WAV,{'bioph_cascading_saw'}
/home/s.kamboj.400/unzipped-coral/Paola/Degraded_Reef/Pavonas_June2025/20250622_073819.WAV,{'bioph_cascading_saw'}
/home/s.kamboj.400/unzipped-coral/Paola/Degraded_Reef/April_2024_Pavonas/20240309_003900.WAV,{'bioph_cascading_saw'}
/home/s.kamboj.400/unzipped-coral/Paola/Degraded_Reef/Pavonas_June2025/20250627_060001.WAV,{'bioph_cascading_saw'}
/home/s.kamboj.400/unzipped-coral/Paola/Non_Degraded_Reef/May_2025/20250318_110600.WAV,{'bioph_cascading_saw'}
/home/s.kamboj.400/unzipped-coral/Paola/Non_Degraded_Reef/May_2025/20250318_083800.WAV,{'bioph_cascading_saw'}
/home/s.kamboj.400/unzipped-coral/Paola/Non_Degraded_Reef/May_2025/20250322_190500.WAV,{'bioph_cascading_saw'}
/home/s.kamboj.400/unzipped-coral/Paola/Degraded_Reef/Pavonas_June2025/20250623_144519.WAV,{'bioph_cascading_saw'}
/home/s.kamboj.400/unzipped-coral/Paola/Degraded_Reef/Feb_March_2024_Pavonas/20240227_090400.WAV,{'bioph_cascading_saw'}
/home/s.kamboj.400/unzipped-coral/Paola/Degraded_Reef/Pavonas_June2025/20250620_153019.WAV,{'bioph_cascading_saw'}
/home/s.kamboj.400/unzipped-coral/Paola/Non_Degraded_Reef/May_2025/20250320_110500.WAV,{'bioph_cascading_saw'}
/home/s.kamboj.400/unzipped-coral/Paola/Non_Degraded_Reef/May_2025/20250315_080800.WAV,{'bioph_cascading_saw'}
/home/s.kamboj.400/unzipped-coral/Paola/Degraded_Reef/Feb_March_2024_Pavonas/20240228_125000.WAV,{'bioph_cascading_saw'}
/home/s.kamboj.400/unzipped-coral/Paola/Degraded_Reef/Feb_March_2024_Pavonas/20240226_235600.WAV,"{'bioph_cascading_saw', 'bioph_holocentrus'}"
/home/s.kamboj.400/unzipped-coral/Paola/Degraded_Reef/Feb_March_2024_Pavonas/20240227_054900.WAV,{'bioph_holocentrus'}
/home/s.kamboj.400/unzipped-coral/Paola/Degraded_Reef/Pavonas_June2025/20250627_130814.WAV,{'bioph_cascading_saw'}
/home/s.kamboj.400/unzipped-coral/Paola/Non_Degraded_Reef/May_2025/20250318_153701.WAV,{'bioph_cascading_saw'}
/home/s.kamboj.400/unzipped-coral/Paola/Degraded_Reef/April_2024_Pavonas/20240307_233100.WAV,{'bioph_cascading_saw'}
/home/s.kamboj.400/unzipped-coral/Paola/Degraded_Reef/Feb_March_2024_Pavonas/20240227_014300.WAV,{'bioph_cascading_saw'}
/home/s.kamboj.400/unzipped-coral/Paola/Degraded_Reef/Pavonas_June2025/20250619_124119.WAV,{'bioph_cascading_saw'}
/home/s.kamboj.400/unzipped-coral/Paola/Degraded_Reef/Feb_March_2024_Pavonas/20240227_090500.WAV,{'bioph_cascading_saw'}
/home/s.kamboj.400/unzipped-coral/Paola/Degraded_Reef/April_2024_Pavonas/20240309_143200.WAV,{'bioph_cascading_saw'}
/home/s.kamboj.400/unzipped-coral/Paola/Degraded_Reef/Feb_March_2024_Pavonas/20240227_033000.WAV,{'bioph_cascading_saw'}
/home/s.kamboj.400/unzipped-coral/Paola/Degraded_Reef/Feb_March_2024_Pavonas/20240229_190700.WAV,{'bioph_cascading_saw'}
/home/s.kamboj.400/unzipped-coral/Paola/Degraded_Reef/Feb_March_2024_Pavonas/20240229_050700.WAV,{'bioph_cascading_saw'}
/home/s.kamboj.400/unzipped-coral/Paola/Non_Degraded_Reef/May_2025/20250322_185400.WAV,{'bioph_cascading_saw'}
/home/s.kamboj.400/unzipped-coral/Paola/Non_Degraded_Reef/May_2025/20250317_122500.WAV,{'bioph_cascading_saw'}
/home/s.kamboj.400/unzipped-coral/Paola/Non_Degraded_Reef/May_2025/20250316_193300.WAV,{'bioph_cascading_saw'}
/home/s.kamboj.400/unzipped-coral/Paola/Non_Degraded_Reef/May_2025/20250316_195400.WAV,{'bioph_cascading_saw'}
/home/s.kamboj.400/unzipped-coral/Paola/Non_Degraded_Reef/May_2025/20250320_163200.WAV,{'bioph_cascading_saw'}
/home/s.kamboj.400/unzipped-coral/Paola/Non_Degraded_Reef/May_2025/20250315_131200.WAV,{'bioph_chorus'}
/home/s.kamboj.400/unzipped-coral/Paola/Non_Degraded_Reef/May_2025/20250317_100200.WAV,{'bioph_cascading_saw'}
/home/s.kamboj.400/unzipped-coral/Paola/Non_Degraded_Reef/July_2024/20240719_064200.WAV,{'bioph_cascading_saw'}
/home/s.kamboj.400/unzipped-coral/Paola/Non_Degraded_Reef/May_2025/20250321_065404.WAV,{'bioph_cascading_saw'}
/home/s.kamboj.400/unzipped-coral/Paola/Degraded_Reef/Pavonas_June2025/20250622_073119.WAV,{'bioph_cascading_saw'}
/home/s.kamboj.400/unzipped-coral/Paola/Non_Degraded_Reef/May_2025/20250317_183700.WAV,{'bioph_cascading_saw'}
/home/s.kamboj.400/unzipped-coral/Paola/Degraded_Reef/April_2024_Pavonas/20240306_061000.WAV,{'bioph_cascading_saw'}
/home/s.kamboj.400/unzipped-coral/Paola/Degraded_Reef/Feb_March_2024_Pavonas/20240229_173300.WAV,{'bioph_cascading_saw'}
/home/s.kamboj.400/unzipped-coral/Paola/Non_Degraded_Reef/May_2025/20250319_135100.WAV,{'bioph_cascading_saw'}
/home/s.kamboj.400/unzipped-coral/Paola/Degraded_Reef/Feb_March_2024_Pavonas/20240228_091000.WAV,{'bioph_cascading_saw'}
/home/s.kamboj.400/unzipped-coral/Paola/Degraded_Reef/Feb_March_2024_Pavonas/20240227_083600.WAV,{'bioph_cascading_saw'}
/home/s.kamboj.400/unzipped-coral/Paola/Non_Degraded_Reef/May_2025/20250322_110200.WAV,{'bioph_cascading_saw'}
/home/s.kamboj.400/unzipped-coral/Paola/Non_Degraded_Reef/July_2024/20240723_103400.WAV,{'bioph'}
/home/s.kamboj.400/unzipped-coral/Paola/Degraded_Reef/Pavonas_June2025/20250624_233220.WAV,{'bioph_cascading_saw'}
/home/s.kamboj.400/unzipped-coral/Paola/Degraded_Reef/Pavonas_June2025/20250626_140521.WAV,{'bioph_grouper_a'}
/home/s.kamboj.400/unzipped-coral/Paola/Non_Degraded_Reef/July_2024/20240719_201000.WAV,{'bioph_cascading_saw'}
/home/s.kamboj.400/unzipped-coral/Paola/Non_Degraded_Reef/May_2025/20250318_083500.WAV,{'bioph_cascading_saw'}
/home/s.kamboj.400/unzipped-coral/Paola/Degraded_Reef/April_2024_Pavonas/20240307_230400.WAV,{'bioph_cascading_saw'}
/home/s.kamboj.400/unzipped-coral/Paola/Degraded_Reef/Pavonas_June2025/20250622_072719.WAV,{'bioph_grouper_a'}
/home/s.kamboj.400/unzipped-coral/Paola/Non_Degraded_Reef/May_2025/20250323_095700.WAV,{'bioph_cascading_saw'}
/home/s.kamboj.400/unzipped-coral/Paola/Degraded_Reef/Feb_March_2024_Pavonas/20240229_104900.WAV,{'bioph_cascading_saw'}
/home/s.kamboj.400/unzipped-coral/Paola/Non_Degraded_Reef/May_2025/20250316_095100.WAV,{'bioph_cascading_saw'}
/home/s.kamboj.400/unzipped-coral/Paola/Degraded_Reef/Feb_March_2024_Pavonas/20240227_190600.WAV,{'bioph_cascading_saw'}
/home/s.kamboj.400/unzipped-coral/Paola/Non_Degraded_Reef/May_2025/20250315_123300.WAV,{'bioph_cascading_saw'}
/home/s.kamboj.400/unzipped-coral/Paola/Degraded_Reef/Feb_March_2024_Pavonas/20240227_150600.WAV,{'bioph_cascading_saw'}
/home/s.kamboj.400/unzipped-coral/Paola/Degraded_Reef/Pavonas_June2025/20250623_164420.WAV,{'bioph_cascading_saw'}
/home/s.kamboj.400/unzipped-coral/Paola/Non_Degraded_Reef/May_2025/20250322_061600.WAV,{'bioph_cascading_saw'}
/home/s.kamboj.400/unzipped-coral/Paola/Non_Degraded_Reef/May_2025/20250321_200700.WAV,{'bioph_cascading_saw'}
/home/s.kamboj.400/unzipped-coral/Paola/Degraded_Reef/Pavonas_June2025/20250626_091019.WAV,{'bioph_holocentrus'}
/home/s.kamboj.400/unzipped-coral/Paola/Degraded_Reef/April_2024_Pavonas/20240306_104500.WAV,{'bioph_cascading_saw'}
/home/s.kamboj.400/unzipped-coral/Paola/Degraded_Reef/April_2024_Pavonas/20240306_033300.WAV,{'bioph_cascading_saw'}
/home/s.kamboj.400/unzipped-coral/Paola/Non_Degraded_Reef/May_2025/20250314_092800.WAV,{'bioph_cascading_saw'}
/home/s.kamboj.400/unzipped-coral/Paola/Degraded_Reef/Pavonas_June2025/20250620_220719.WAV,{'bioph'}
/home/s.kamboj.400/unzipped-coral/Paola/Non_Degraded_Reef/July_2024/20240721_075000.WAV,{'bioph_cascading_saw'}
/home/s.kamboj.400/unzipped-coral/Paola/Non_Degraded_Reef/May_2025/20250322_112605.WAV,{'bioph_cascading_saw'}
/home/s.kamboj.400/unzipped-coral/Paola/Degraded_Reef/Pavonas_June2025/20250622_075319.WAV,{'bioph_cascading_saw'}
/home/s.kamboj.400/unzipped-coral/Paola/Degraded_Reef/Pavonas_June2025/20250628_122920.WAV,{'bioph_knock_croak_b'}
/home/s.kamboj.400/unzipped-coral/Paola/Degraded_Reef/Pavonas_June2025/20250624_204420.WAV,{'bioph_growl'}
/home/s.kamboj.400/unzipped-coral/Paola/Degraded_Reef/Feb_March_2024_Pavonas/20240226_180400.WAV,{'bioph_holocentrus'}
/home/s.kamboj.400/unzipped-coral/Paola/Non_Degraded_Reef/May_2025/20250315_151000.WAV,{'bioph_cascading_saw'}
/home/s.kamboj.400/unzipped-coral/Paola/Degraded_Reef/Pavonas_June2025/20250627_124321.WAV,{'bioph_cascading_saw'}
/home/s.kamboj.400/unzipped-coral/Paola/Non_Degraded_Reef/July_2024/20240719_084400.WAV,{'bioph_cascading_saw'}
/home/s.kamboj.400/unzipped-coral/Paola/Degraded_Reef/April_2024_Pavonas/20240308_045200.WAV,{'bioph_cascading_saw'}
/home/s.kamboj.400/unzipped-coral/Paola/Degraded_Reef/Feb_March_2024_Pavonas/20240228_125500.WAV,{'bioph_cascading_saw'}
/home/s.kamboj.400/unzipped-coral/Paola/Non_Degraded_Reef/May_2025/20250322_064600.WAV,{'bioph_cascading_saw'}
/home/s.kamboj.400/unzipped-coral/Paola/Degraded_Reef/Feb_March_2024_Pavonas/20240228_224700.WAV,{'bioph_cascading_saw'}
/home/s.kamboj.400/unzipped-coral/Paola/Degraded_Reef/Feb_March_2024_Pavonas/20240227_055300.WAV,"{'bioph_cascading_saw', 'geoph_waves'}"
/home/s.kamboj.400/unzipped-coral/Paola/Non_Degraded_Reef/May_2025/20250322_083100.WAV,{'bioph_cascading_saw'}
/home/s.kamboj.400/unzipped-coral/Paola/Non_Degraded_Reef/July_2024/20240723_065200.WAV,{'bioph_cascading_saw'}
/home/s.kamboj.400/unzipped-coral/Paola/Degraded_Reef/April_2024_Pavonas/20240306_023400.WAV,{'bioph_cascading_saw'}
/home/s.kamboj.400/unzipped-coral/Paola/Degraded_Reef/April_2024_Pavonas/20240308_092500.WAV,{'bioph_cascading_saw'}
/home/s.kamboj.400/unzipped-coral/Paola/Non_Degraded_Reef/May_2025/20250315_102500.WAV,{'bioph_cascading_saw'}
/home/s.kamboj.400/unzipped-coral/Paola/Non_Degraded_Reef/May_2025/20250318_190700.WAV,{'bioph_cascading_saw'}
/home/s.kamboj.400/unzipped-coral/Paola/Degraded_Reef/Pavonas_June2025/20250626_094320.WAV,{'bioph_cascading_saw'}
/home/s.kamboj.400/unzipped-coral/Paola/Degraded_Reef/Feb_March_2024_Pavonas/20240227_224600.WAV,{'bioph_cascading_saw'}
/home/s.kamboj.400/unzipped-coral/Paola/Degraded_Reef/Pavonas_June2025/20250620_222119.WAV,{'bioph_mycbon'}
/home/s.kamboj.400/unzipped-coral/Paola/Degraded_Reef/April_2024_Pavonas/20240308_221600.WAV,{'bioph_cascading_saw'}
/home/s.kamboj.400/unzipped-coral/Paola/Non_Degraded_Reef/May_2025/20250318_184600.WAV,{'bioph_cascading_saw'}
/home/s.kamboj.400/unzipped-coral/Paola/Non_Degraded_Reef/July_2024/20240721_182800.WAV,{'bioph_cascading_saw'}
/home/s.kamboj.400/unzipped-coral/Paola/Degraded_Reef/Pavonas_June2025/20250622_130220.WAV,"{'bioph_cascading_saw', 'bioph'}"
/home/s.kamboj.400/unzipped-coral/Paola/Degraded_Reef/Pavonas_June2025/20250626_233921.WAV,"{'bioph_cascading_saw', 'bioph'}"
/home/s.kamboj.400/unzipped-coral/Paola/Degraded_Reef/Pavonas_June2025/20250625_105620.WAV,{'bioph_cascading_saw'}
/home/s.kamboj.400/unzipped-coral/Paola/Degraded_Reef/Feb_March_2024_Pavonas/20240227_141500.WAV,{'bioph_holocentrus'}
/home/s.kamboj.400/unzipped-coral/Paola/Degraded_Reef/April_2024_Pavonas/20240306_000200.WAV,{'bioph_cascading_saw'}
/home/s.kamboj.400/unzipped-coral/Paola/Non_Degraded_Reef/May_2025/20250322_181000.WAV,{'bioph_cascading_saw'}
/home/s.kamboj.400/unzipped-coral/Paola/Degraded_Reef/Pavonas_June2025/20250627_223433.WAV,{'bioph_cascading_saw'}
/home/s.kamboj.400/unzipped-coral/Paola/Non_Degraded_Reef/May_2025/20250316_095600.WAV,{'bioph_cascading_saw'}
/home/s.kamboj.400/unzipped-coral/Paola/Degraded_Reef/Feb_March_2024_Pavonas/20240228_082500.WAV,{'bioph_cascading_saw'}
/home/s.kamboj.400/unzipped-coral/Paola/Non_Degraded_Reef/July_2024/20240717_041000.WAV,{'bioph_damselfish'}
/home/s.kamboj.400/unzipped-coral/Paola/Degraded_Reef/April_2024_Pavonas/20240307_053700.WAV,{'bioph_cascading_saw'}
/home/s.kamboj.400/unzipped-coral/Paola/Non_Degraded_Reef/May_2025/20250320_152000.WAV,{'bioph_cascading_saw'}
/home/s.kamboj.400/unzipped-coral/Paola/Degraded_Reef/April_2024_Pavonas/20240308_051000.WAV,{'bioph_cascading_saw'}
/home/s.kamboj.400/unzipped-coral/Paola/Degraded_Reef/April_2024_Pavonas/20240306_001000.WAV,{'bioph_cascading_saw'}
/home/s.kamboj.400/unzipped-coral/Paola/Degraded_Reef/April_2024_Pavonas/20240308_101100.WAV,{'bioph_holocentrus'}
/home/s.kamboj.400/unzipped-coral/Paola/Degraded_Reef/Feb_March_2024_Pavonas/20240227_183000.WAV,{'bioph_cascading_saw'}
/home/s.kamboj.400/unzipped-coral/Paola/Non_Degraded_Reef/May_2025/20250316_211100.WAV,{'bioph_chorus'}
/home/s.kamboj.400/unzipped-coral/Paola/Degraded_Reef/Pavonas_June2025/20250627_134324.WAV,{'bioph_cascading_saw'}
/home/s.kamboj.400/unzipped-coral/Paola/Non_Degraded_Reef/May_2025/20250320_071800.WAV,"{'bioph_cascading_saw', 'bioph_holocentrus'}"
/home/s.kamboj.400/unzipped-coral/Paola/Degraded_Reef/Feb_March_2024_Pavonas/20240227_205700.WAV,{'bioph_holocentrus'}
/home/s.kamboj.400/unzipped-coral/Paola/Degraded_Reef/Pavonas_June2025/20250625_100718.WAV,{'bioph_cascading_saw'}
/home/s.kamboj.400/unzipped-coral/Paola/Degraded_Reef/Feb_March_2024_Pavonas/20240229_202000.WAV,"{'bioph_cascading_saw', 'bioph'}"
/home/s.kamboj.400/unzipped-coral/Paola/Non_Degraded_Reef/July_2024/20240717_063600.WAV,{'bioph_cascading_saw'}
/home/s.kamboj.400/unzipped-coral/Paola/Degraded_Reef/Feb_March_2024_Pavonas/20240228_103800.WAV,{'bioph_cascading_saw'}
/home/s.kamboj.400/unzipped-coral/Paola/Non_Degraded_Reef/May_2025/20250318_114400.WAV,{'bioph_cascading_saw'}
/home/s.kamboj.400/unzipped-coral/Paola/Degraded_Reef/Feb_March_2024_Pavonas/20240227_165000.WAV,{'bioph'}
/home/s.kamboj.400/unzipped-coral/Paola/Non_Degraded_Reef/May_2025/20250317_084000.WAV,{'bioph_cascading_saw'}
/home/s.kamboj.400/unzipped-coral/Paola/Degraded_Reef/Pavonas_June2025/20250620_172819.WAV,{'bioph_cascading_saw'}
/home/s.kamboj.400/unzipped-coral/Paola/Degraded_Reef/April_2024_Pavonas/20240309_031300.WAV,{'bioph_croak'}
/home/s.kamboj.400/unzipped-coral/Paola/Degraded_Reef/Feb_March_2024_Pavonas/20240227_081700.WAV,"{'bioph_cascading_saw', 'bioph_holocentrus'}"
/home/s.kamboj.400/unzipped-coral/Paola/Degraded_Reef/Feb_March_2024_Pavonas/20240228_130200.WAV,{'bioph_cascading_saw'}
/home/s.kamboj.400/unzipped-coral/Paola/Non_Degraded_Reef/May_2025/20250315_103700.WAV,{'bioph_cascading_saw'}
/home/s.kamboj.400/unzipped-coral/Paola/Non_Degraded_Reef/May_2025/20250323_064800.WAV,{'bioph_cascading_saw'}
/home/s.kamboj.400/unzipped-coral/Paola/Non_Degraded_Reef/May_2025/20250320_195900.WAV,{'bioph_cascading_saw'}
/home/s.kamboj.400/unzipped-coral/Paola/Non_Degraded_Reef/May_2025/20250320_131500.WAV,{'bioph_cascading_saw'}
/home/s.kamboj.400/unzipped-coral/Paola/Degraded_Reef/Pavonas_June2025/20250622_125119.WAV,{'bioph'}
/home/s.kamboj.400/unzipped-coral/Paola/Degraded_Reef/Pavonas_June2025/20250624_210621.WAV,{'bioph_cascading_saw'}
/home/s.kamboj.400/unzipped-coral/Paola/Degraded_Reef/Pavonas_June2025/20250624_074522.WAV,{'bioph_cascading_saw'}
/home/s.kamboj.400/unzipped-coral/Paola/Degraded_Reef/Pavonas_June2025/20250623_085319.WAV,{'bioph_cascading_saw'}
/home/s.kamboj.400/unzipped-coral/Paola/Non_Degraded_Reef/May_2025/20250318_122700.WAV,{'bioph_cascading_saw'}
/home/s.kamboj.400/unzipped-coral/Paola/Non_Degraded_Reef/July_2024/20240717_175000.WAV,{'bioph_cascading_saw'}
/home/s.kamboj.400/unzipped-coral/Paola/Degraded_Reef/Pavonas_June2025/20250623_192519.WAV,{'bioph_cascading_saw'}
/home/s.kamboj.400/unzipped-coral/Paola/Non_Degraded_Reef/May_2025/20250320_195100.WAV,{'bioph_cascading_saw'}
/home/s.kamboj.400/unzipped-coral/Paola/Degraded_Reef/Feb_March_2024_Pavonas/20240228_031200.WAV,{'bioph_cascading_saw'}
/home/s.kamboj.400/unzipped-coral/Paola/Non_Degraded_Reef/May_2025/20250321_165000.WAV,{'bioph_cascading_saw'}
/home/s.kamboj.400/unzipped-coral/Paola/Non_Degraded_Reef/May_2025/20250315_073400.WAV,{'bioph_cascading_saw'}
/home/s.kamboj.400/unzipped-coral/Paola/Degraded_Reef/Pavonas_June2025/20250619_155918.WAV,"{'bioph_cascading_saw', 'bioph'}"
/home/s.kamboj.400/unzipped-coral/Paola/Degraded_Reef/Feb_March_2024_Pavonas/20240229_131800.WAV,{'bioph_cascading_saw'}
/home/s.kamboj.400/unzipped-coral/Paola/Non_Degraded_Reef/May_2025/20250318_145700.WAV,{'bioph_cascading_saw'}
/home/s.kamboj.400/unzipped-coral/Paola/Non_Degraded_Reef/May_2025/20250321_084700.WAV,{'bioph_cascading_saw'}
/home/s.kamboj.400/unzipped-coral/Paola/Degraded_Reef/Feb_March_2024_Pavonas/20240227_112000.WAV,"{'bioph_cascading_saw', 'bioph_holocentrus'}"
/home/s.kamboj.400/unzipped-coral/Paola/Degraded_Reef/Pavonas_June2025/20250619_074218.WAV,{'bioph_cascading_saw'}
/home/s.kamboj.400/unzipped-coral/Paola/Non_Degraded_Reef/May_2025/20250321_105100.WAV,{'bioph_cascading_saw'}
/home/s.kamboj.400/unzipped-coral/Paola/Degraded_Reef/April_2024_Pavonas/20240307_215000.WAV,{'bioph_cascading_saw'}
/home/s.kamboj.400/unzipped-coral/Paola/Non_Degraded_Reef/May_2025/20250323_091800.WAV,{'bioph_cascading_saw'}
/home/s.kamboj.400/unzipped-coral/Paola/Degraded_Reef/Feb_March_2024_Pavonas/20240229_125100.WAV,{'bioph_cascading_saw'}
/home/s.kamboj.400/unzipped-coral/Paola/Non_Degraded_Reef/July_2024/20240721_094600.WAV,{'bioph_cascading_saw'}
/home/s.kamboj.400/unzipped-coral/Paola/Non_Degraded_Reef/May_2025/20250320_181000.WAV,{'bioph_cascading_saw'}
/home/s.kamboj.400/unzipped-coral/Paola/Non_Degraded_Reef/July_2024/20240722_185400.WAV,{'bioph_cascading_saw'}
/home/s.kamboj.400/unzipped-coral/Paola/Non_Degraded_Reef/May_2025/20250321_164900.WAV,{'bioph_cascading_saw'}
/home/s.kamboj.400/unzipped-coral/Paola/Non_Degraded_Reef/May_2025/20250318_175100.WAV,{'bioph_cascading_saw'}
/home/s.kamboj.400/unzipped-coral/Paola/Non_Degraded_Reef/May_2025/20250316_073200.WAV,{'bioph_cascading_saw'}
/home/s.kamboj.400/unzipped-coral/Paola/Degraded_Reef/Feb_March_2024_Pavonas/20240226_220300.WAV,{'bioph_cascading_saw'}
/home/s.kamboj.400/unzipped-coral/Paola/Degraded_Reef/Feb_March_2024_Pavonas/20240229_064100.WAV,{'bioph_cascading_saw'}
/home/s.kamboj.400/unzipped-coral/Paola/Degraded_Reef/Pavonas_June2025/20250620_062719.WAV,{'bioph_cascading_saw'}
/home/s.kamboj.400/unzipped-coral/Paola/Degraded_Reef/Pavonas_June2025/20250620_220320.WAV,{'bioph_cascading_saw'}
/home/s.kamboj.400/unzipped-coral/Paola/Non_Degraded_Reef/May_2025/20250321_132100.WAV,{'bioph_cascading_saw'}
/home/s.kamboj.400/unzipped-coral/Paola/Degraded_Reef/Pavonas_June2025/20250623_084922.WAV,{'bioph'}
/home/s.kamboj.400/unzipped-coral/Paola/Degraded_Reef/April_2024_Pavonas/20240307_122100.WAV,{'bioph_croak'}
/home/s.kamboj.400/unzipped-coral/Paola/Degraded_Reef/April_2024_Pavonas/20240306_064800.WAV,{'bioph_cascading_saw'}
/home/s.kamboj.400/unzipped-coral/Paola/Degraded_Reef/Feb_March_2024_Pavonas/20240227_095800.WAV,{'bioph_cascading_saw'}
/home/s.kamboj.400/unzipped-coral/Paola/Degraded_Reef/April_2024_Pavonas/20240308_232700.WAV,{'bioph_cascading_saw'}
/home/s.kamboj.400/unzipped-coral/Paola/Degraded_Reef/Feb_March_2024_Pavonas/20240227_102900.WAV,{'bioph_cascading_saw'}
/home/s.kamboj.400/unzipped-coral/Paola/Non_Degraded_Reef/July_2024/20240719_055000.WAV,{'bioph_cascading_saw'}
/home/s.kamboj.400/unzipped-coral/Paola/Degraded_Reef/Feb_March_2024_Pavonas/20240228_080000.WAV,{'bioph_cascading_saw'}
/home/s.kamboj.400/unzipped-coral/Paola/Degraded_Reef/Feb_March_2024_Pavonas/20240228_011100.WAV,{'bioph_cascading_saw'}
/home/s.kamboj.400/unzipped-coral/Paola/Non_Degraded_Reef/May_2025/20250319_133100.WAV,{'bioph_cascading_saw'}
/home/s.kamboj.400/unzipped-coral/Paola/Degraded_Reef/Pavonas_June2025/20250624_083819.WAV,{'bioph_cascading_saw'}
/home/s.kamboj.400/unzipped-coral/Paola/Degraded_Reef/April_2024_Pavonas/20240308_235900.WAV,{'bioph_cascading_saw'}
/home/s.kamboj.400/unzipped-coral/Paola/Non_Degraded_Reef/May_2025/20250318_150401.WAV,{'bioph_cascading_saw'}
/home/s.kamboj.400/unzipped-coral/Paola/Degraded_Reef/Pavonas_June2025/20250619_111918.WAV,{'bioph_cascading_saw'}
/home/s.kamboj.400/unzipped-coral/Paola/Non_Degraded_Reef/July_2024/20240717_122200.WAV,{'bioph'}
/home/s.kamboj.400/unzipped-coral/Paola/Non_Degraded_Reef/July_2024/20240723_073000.WAV,{'bioph_cascading_saw'}
/home/s.kamboj.400/unzipped-coral/Paola/Degraded_Reef/Pavonas_June2025/20250627_231622.WAV,{'bioph_cascading_saw'}
/home/s.kamboj.400/unzipped-coral/Paola/Degraded_Reef/Pavonas_June2025/20250620_191020.WAV,"{'bioph_cascading_saw', 'bioph'}"
/home/s.kamboj.400/unzipped-coral/Paola/Degraded_Reef/April_2024_Pavonas/20240308_043200.WAV,{'bioph_cascading_saw'}
/home/s.kamboj.400/unzipped-coral/Paola/Degraded_Reef/Pavonas_June2025/20250622_073019.WAV,{'bioph_cascading_saw'}
/home/s.kamboj.400/unzipped-coral/Paola/Non_Degraded_Reef/May_2025/20250318_063900.WAV,{'bioph_cascading_saw'}
/home/s.kamboj.400/unzipped-coral/Paola/Degraded_Reef/April_2024_Pavonas/20240308_001600.WAV,{'bioph_cascading_saw'}
/home/s.kamboj.400/unzipped-coral/Paola/Degraded_Reef/Feb_March_2024_Pavonas/20240227_232800.WAV,{'bioph_cascading_saw'}
/home/s.kamboj.400/unzipped-coral/Paola/Non_Degraded_Reef/May_2025/20250322_223100.WAV,{'bioph_cascading_saw'}
/home/s.kamboj.400/unzipped-coral/Paola/Non_Degraded_Reef/July_2024/20240720_064800.WAV,{'bioph_cascading_saw'}
/home/s.kamboj.400/unzipped-coral/Paola/Non_Degraded_Reef/May_2025/20250320_185000.WAV,{'bioph_cascading_saw'}
/home/s.kamboj.400/unzipped-coral/Paola/Non_Degraded_Reef/July_2024/20240723_210200.WAV,{'bioph_cascading_saw'}
/home/s.kamboj.400/unzipped-coral/Paola/Non_Degraded_Reef/May_2025/20250321_093000.WAV,{'bioph_cascading_saw'}
/home/s.kamboj.400/unzipped-coral/Paola/Degraded_Reef/April_2024_Pavonas/20240308_145400.WAV,{'bioph_grouper_a'}
/home/s.kamboj.400/unzipped-coral/Paola/Degraded_Reef/April_2024_Pavonas/20240307_003300.WAV,{'bioph_cascading_saw'}
/home/s.kamboj.400/unzipped-coral/Paola/Non_Degraded_Reef/May_2025/20250319_190400.WAV,{'bioph_cascading_saw'}
/home/s.kamboj.400/unzipped-coral/Paola/Non_Degraded_Reef/May_2025/20250315_101700.WAV,{'bioph_cascading_saw'}
/home/s.kamboj.400/unzipped-coral/Paola/Non_Degraded_Reef/May_2025/20250322_105000.WAV,{'bioph_cascading_saw'}
/home/s.kamboj.400/unzipped-coral/Paola/Degraded_Reef/Feb_March_2024_Pavonas/20240228_095400.WAV,{'bioph_cascading_saw'}
/home/s.kamboj.400/unzipped-coral/Paola/Non_Degraded_Reef/May_2025/20250319_142400.WAV,{'bioph_cascading_saw'}
/home/s.kamboj.400/unzipped-coral/Paola/Non_Degraded_Reef/May_2025/20250323_090606.WAV,{'bioph_cascading_saw'}
/home/s.kamboj.400/unzipped-coral/Paola/Degraded_Reef/Feb_March_2024_Pavonas/20240227_025900.WAV,{'bioph_cascading_saw'}
/home/s.kamboj.400/unzipped-coral/Paola/Degraded_Reef/Pavonas_June2025/20250628_084122.WAV,{'bioph_cascading_saw'}
/home/s.kamboj.400/unzipped-coral/Paola/Degraded_Reef/Feb_March_2024_Pavonas/20240228_152400.WAV,{'bioph_holocentrus'}
/home/s.kamboj.400/unzipped-coral/Paola/Non_Degraded_Reef/May_2025/20250319_223700.WAV,{'bioph_cascading_saw'}
/home/s.kamboj.400/unzipped-coral/Paola/Degraded_Reef/Pavonas_June2025/20250621_105319.WAV,{'bioph_cascading_saw'}
/home/s.kamboj.400/unzipped-coral/Paola/Degraded_Reef/Pavonas_June2025/20250620_080919.WAV,{'bioph_cascading_saw'}
/home/s.kamboj.400/unzipped-coral/Paola/Degraded_Reef/April_2024_Pavonas/20240307_205100.WAV,{'bioph_cascading_saw'}
/home/s.kamboj.400/unzipped-coral/Paola/Non_Degraded_Reef/May_2025/20250316_202900.WAV,{'bioph_cascading_saw'}
/home/s.kamboj.400/unzipped-coral/Paola/Degraded_Reef/Feb_March_2024_Pavonas/20240228_235700.WAV,"{'bioph_cascading_saw', 'bioph_holocentrus'}"
/home/s.kamboj.400/unzipped-coral/Paola/Degraded_Reef/Feb_March_2024_Pavonas/20240227_232200.WAV,{'bioph_holocentrus'}
/home/s.kamboj.400/unzipped-coral/Paola/Non_Degraded_Reef/May_2025/20250317_072400.WAV,{'bioph_cascading_saw'}
/home/s.kamboj.400/unzipped-coral/Paola/Degraded_Reef/Pavonas_June2025/20250622_175619.WAV,{'bioph_cascading_saw'}
/home/s.kamboj.400/unzipped-coral/Paola/Non_Degraded_Reef/May_2025/20250321_095800.WAV,{'bioph_cascading_saw'}
/home/s.kamboj.400/unzipped-coral/Paola/Degraded_Reef/Pavonas_June2025/20250624_235621.WAV,{'bioph_cascading_saw'}
/home/s.kamboj.400/unzipped-coral/Paola/Non_Degraded_Reef/May_2025/20250319_171000.WAV,{'bioph_cascading_saw'}
/home/s.kamboj.400/unzipped-coral/Paola/Non_Degraded_Reef/May_2025/20250322_182100.WAV,{'bioph_cascading_saw'}
/home/s.kamboj.400/unzipped-coral/Paola/Non_Degraded_Reef/May_2025/20250322_094800.WAV,{'bioph_cascading_saw'}
/home/s.kamboj.400/unzipped-coral/Paola/Non_Degraded_Reef/July_2024/20240723_145800.WAV,{'bioph_cascading_saw'}
/home/s.kamboj.400/unzipped-coral/Paola/Non_Degraded_Reef/July_2024/20240720_131000.WAV,{'bioph'}
/home/s.kamboj.400/unzipped-coral/Paola/Non_Degraded_Reef/July_2024/20240720_113000.WAV,{'bioph_cascading_saw'}
/home/s.kamboj.400/unzipped-coral/Paola/Degraded_Reef/Feb_March_2024_Pavonas/20240227_101700.WAV,{'bioph_cascading_saw'}
/home/s.kamboj.400/unzipped-coral/Paola/Non_Degraded_Reef/May_2025/20250316_234400.WAV,{'bioph_cascading_saw'}
/home/s.kamboj.400/unzipped-coral/Paola/Degraded_Reef/Feb_March_2024_Pavonas/20240226_212100.WAV,{'bioph_holocentrus'}
/home/s.kamboj.400/unzipped-coral/Paola/Degraded_Reef/Feb_March_2024_Pavonas/20240226_203800.WAV,{'bioph_cascading_saw'}
/home/s.kamboj.400/unzipped-coral/Paola/Degraded_Reef/Pavonas_June2025/20250619_224018.WAV,{'bioph_cascading_saw'}
/home/s.kamboj.400/unzipped-coral/Paola/Degraded_Reef/Pavonas_June2025/20250625_120919.WAV,{'bioph_cascading_saw'}
/home/s.kamboj.400/unzipped-coral/Paola/Non_Degraded_Reef/May_2025/20250318_115100.WAV,{'bioph_cascading_saw'}
/home/s.kamboj.400/unzipped-coral/Paola/Degraded_Reef/April_2024_Pavonas/20240310_011700.WAV,{'bioph_grouper_a'}
/home/s.kamboj.400/unzipped-coral/Paola/Degraded_Reef/Pavonas_June2025/20250619_174218.WAV,{'bioph_cascading_saw'}
/home/s.kamboj.400/unzipped-coral/Paola/Non_Degraded_Reef/July_2024/20240716_214200.WAV,{'bioph_holocentrus'}
/home/s.kamboj.400/unzipped-coral/Paola/Non_Degraded_Reef/May_2025/20250323_101900.WAV,{'bioph_cascading_saw'}
/home/s.kamboj.400/unzipped-coral/Paola/Degraded_Reef/Pavonas_June2025/20250619_201018.WAV,{'bioph_cascading_saw'}
/home/s.kamboj.400/unzipped-coral/Paola/Degraded_Reef/April_2024_Pavonas/20240307_070000.WAV,{'bioph_cascading_saw'}
/home/s.kamboj.400/unzipped-coral/Paola/Non_Degraded_Reef/May_2025/20250314_081900.WAV,{'bioph_cascading_saw'}
/home/s.kamboj.400/unzipped-coral/Paola/Degraded_Reef/Pavonas_June2025/20250619_132818.WAV,{'bioph_cascading_saw'}
/home/s.kamboj.400/unzipped-coral/Paola/Degraded_Reef/Pavonas_June2025/20250624_062320.WAV,{'bioph_cascading_saw'}
/home/s.kamboj.400/unzipped-coral/Paola/Non_Degraded_Reef/May_2025/20250315_132900.WAV,{'bioph_croak'}
/home/s.kamboj.400/unzipped-coral/Paola/Degraded_Reef/Pavonas_June2025/20250619_155716.WAV,{'bioph_cascading_saw'}
/home/s.kamboj.400/unzipped-coral/Paola/Non_Degraded_Reef/May_2025/20250314_224300.WAV,{'bioph_cascading_saw'}
/home/s.kamboj.400/unzipped-coral/Paola/Non_Degraded_Reef/May_2025/20250318_094600.WAV,{'bioph_cascading_saw'}
/home/s.kamboj.400/unzipped-coral/Paola/Non_Degraded_Reef/July_2024/20240718_055000.WAV,{'bioph'}
/home/s.kamboj.400/unzipped-coral/Paola/Non_Degraded_Reef/July_2024/20240717_223800.WAV,{'bioph_cascading_saw'}
/home/s.kamboj.400/unzipped-coral/Paola/Non_Degraded_Reef/May_2025/20250318_185800.WAV,{'bioph_cascading_saw'}
/home/s.kamboj.400/unzipped-coral/Paola/Degraded_Reef/Pavonas_June2025/20250621_235919.WAV,{'bioph_cascading_saw'}
/home/s.kamboj.400/unzipped-coral/Paola/Degraded_Reef/Pavonas_June2025/20250626_074221.WAV,{'bioph_cascading_saw'}
/home/s.kamboj.400/unzipped-coral/Paola/Degraded_Reef/April_2024_Pavonas/20240306_161100.WAV,{'bioph_mycbon'}
/home/s.kamboj.400/unzipped-coral/Paola/Degraded_Reef/Feb_March_2024_Pavonas/20240227_093400.WAV,"{'bioph_cascading_saw', 'bioph_holocentrus'}"
/home/s.kamboj.400/unzipped-coral/Paola/Non_Degraded_Reef/May_2025/20250319_110600.WAV,{'bioph_cascading_saw'}
/home/s.kamboj.400/unzipped-coral/Paola/Non_Degraded_Reef/May_2025/20250318_073200.WAV,{'bioph_cascading_saw'}
/home/s.kamboj.400/unzipped-coral/Paola/Degraded_Reef/Feb_March_2024_Pavonas/20240227_085900.WAV,"{'bioph_cascading_saw', 'bioph_holocentrus'}"
/home/s.kamboj.400/unzipped-coral/Paola/Non_Degraded_Reef/May_2025/20250318_143700.WAV,{'bioph_cascading_saw'}
/home/s.kamboj.400/unzipped-coral/Paola/Non_Degraded_Reef/May_2025/20250316_093500.WAV,{'bioph_cascading_saw'}
/home/s.kamboj.400/unzipped-coral/Paola/Non_Degraded_Reef/May_2025/20250320_083700.WAV,{'bioph_cascading_saw'}
/home/s.kamboj.400/unzipped-coral/Paola/Non_Degraded_Reef/May_2025/20250317_084600.WAV,{'bioph_cascading_saw'}
/home/s.kamboj.400/unzipped-coral/Paola/Degraded_Reef/Pavonas_June2025/20250619_081018.WAV,{'bioph_cascading_saw'}
/home/s.kamboj.400/unzipped-coral/Paola/Non_Degraded_Reef/May_2025/20250319_191701.WAV,{'bioph_cascading_saw'}
/home/s.kamboj.400/unzipped-coral/Paola/Degraded_Reef/Feb_March_2024_Pavonas/20240229_001600.WAV,{'bioph_cascading_saw'}
/home/s.kamboj.400/unzipped-coral/Paola/Degraded_Reef/Feb_March_2024_Pavonas/20240229_220000.WAV,{'bioph_cascading_saw'}
/home/s.kamboj.400/unzipped-coral/Paola/Non_Degraded_Reef/May_2025/20250320_135200.WAV,{'bioph_cascading_saw'}
/home/s.kamboj.400/unzipped-coral/Paola/Non_Degraded_Reef/May_2025/20250316_230400.WAV,{'bioph_cascading_saw'}
/home/s.kamboj.400/unzipped-coral/Paola/Degraded_Reef/Feb_March_2024_Pavonas/20240228_011400.WAV,"{'bioph_cascading_saw', 'bioph_holocentrus'}"
/home/s.kamboj.400/unzipped-coral/Paola/Degraded_Reef/Feb_March_2024_Pavonas/20240227_071400.WAV,{'bioph_cascading_saw'}
/home/s.kamboj.400/unzipped-coral/Paola/Non_Degraded_Reef/May_2025/20250318_170700.WAV,{'bioph_cascading_saw'}
/home/s.kamboj.400/unzipped-coral/Paola/Degraded_Reef/Pavonas_June2025/20250626_132216.WAV,{'bioph_cascading_saw'}
/home/s.kamboj.400/unzipped-coral/Paola/Degraded_Reef/Feb_March_2024_Pavonas/20240228_233900.WAV,"{'bioph_cascading_saw', 'bioph_pulse'}"
/home/s.kamboj.400/unzipped-coral/Paola/Non_Degraded_Reef/July_2024/20240721_114000.WAV,{'bioph_cascading_saw'}
/home/s.kamboj.400/unzipped-coral/Paola/Non_Degraded_Reef/July_2024/20240720_173600.WAV,{'bioph_cascading_saw'}
/home/s.kamboj.400/unzipped-coral/Paola/Non_Degraded_Reef/July_2024/20240718_114000.WAV,{'bioph_cascading_saw'}
/home/s.kamboj.400/unzipped-coral/Paola/Non_Degraded_Reef/May_2025/20250319_065500.WAV,{'bioph_cascading_saw'}
/home/s.kamboj.400/unzipped-coral/Paola/Degraded_Reef/Feb_March_2024_Pavonas/20240229_122300.WAV,{'bioph_cascading_saw'}
/home/s.kamboj.400/unzipped-coral/Paola/Non_Degraded_Reef/May_2025/20250322_131400.WAV,{'bioph_cascading_saw'}
/home/s.kamboj.400/unzipped-coral/Paola/Degraded_Reef/Pavonas_June2025/20250619_082918.WAV,{'bioph_cascading_saw'}
/home/s.kamboj.400/unzipped-coral/Paola/Non_Degraded_Reef/May_2025/20250317_080000.WAV,{'bioph_cascading_saw'}
/home/s.kamboj.400/unzipped-coral/Paola/Degraded_Reef/Pavonas_June2025/20250626_112422.WAV,{'bioph_cascading_saw'}
/home/s.kamboj.400/unzipped-coral/Paola/Degraded_Reef/April_2024_Pavonas/20240306_184100.WAV,{'bioph_cascading_saw'}
/home/s.kamboj.400/unzipped-coral/Paola/Non_Degraded_Reef/May_2025/20250319_190800.WAV,{'bioph_cascading_saw'}
/home/s.kamboj.400/unzipped-coral/Paola/Non_Degraded_Reef/May_2025/20250317_181600.WAV,{'bioph_cascading_saw'}
/home/s.kamboj.400/unzipped-coral/Paola/Degraded_Reef/Feb_March_2024_Pavonas/20240229_051700.WAV,{'bioph_cascading_saw'}
/home/s.kamboj.400/unzipped-coral/Paola/Non_Degraded_Reef/July_2024/20240721_054200.WAV,{'bioph_cascading_saw'}
/home/s.kamboj.400/unzipped-coral/Paola/Degraded_Reef/Feb_March_2024_Pavonas/20240228_135700.WAV,{'bioph_cascading_saw'}
/home/s.kamboj.400/unzipped-coral/Paola/Degraded_Reef/Pavonas_June2025/20250622_233119.WAV,{'bioph_cascading_saw'}
/home/s.kamboj.400/unzipped-coral/Paola/Degraded_Reef/Pavonas_June2025/20250626_170022.WAV,{'bioph_cascading_saw'}
/home/s.kamboj.400/unzipped-coral/Paola/Non_Degraded_Reef/May_2025/20250319_123200.WAV,{'bioph_cascading_saw'}
/home/s.kamboj.400/unzipped-coral/Paola/Degraded_Reef/Feb_March_2024_Pavonas/20240228_144600.WAV,{'bioph_croak'}
/home/s.kamboj.400/unzipped-coral/Paola/Degraded_Reef/April_2024_Pavonas/20240307_202500.WAV,{'bioph_cascading_saw'}
/home/s.kamboj.400/unzipped-coral/Paola/Degraded_Reef/Feb_March_2024_Pavonas/20240228_095500.WAV,{'bioph_cascading_saw'}
/home/s.kamboj.400/unzipped-coral/Paola/Non_Degraded_Reef/May_2025/20250320_090500.WAV,{'bioph_cascading_saw'}
/home/s.kamboj.400/unzipped-coral/Paola/Non_Degraded_Reef/May_2025/20250321_093700.WAV,{'bioph_cascading_saw'}
/home/s.kamboj.400/unzipped-coral/Paola/Non_Degraded_Reef/July_2024/20240716_151600.WAV,{'bioph_grouper_a'}
/home/s.kamboj.400/unzipped-coral/Paola/Non_Degraded_Reef/May_2025/20250314_211700.WAV,{'bioph_cascading_saw'}
/home/s.kamboj.400/unzipped-coral/Paola/Degraded_Reef/Pavonas_June2025/20250626_132131.WAV,{'bioph_cascading_saw'}
/home/s.kamboj.400/unzipped-coral/Paola/Non_Degraded_Reef/May_2025/20250318_183200.WAV,{'bioph_cascading_saw'}
/home/s.kamboj.400/unzipped-coral/Paola/Non_Degraded_Reef/July_2024/20240719_195200.WAV,{'bioph_cascading_saw'}
/home/s.kamboj.400/unzipped-coral/Paola/Non_Degraded_Reef/July_2024/20240716_122800.WAV,{'bioph_knock_croak_b'}
/home/s.kamboj.400/unzipped-coral/Paola/Degraded_Reef/Feb_March_2024_Pavonas/20240228_032000.WAV,{'bioph_cascading_saw'}
/home/s.kamboj.400/unzipped-coral/Paola/Non_Degraded_Reef/May_2025/20250321_192600.WAV,{'bioph_cascading_saw'}
/home/s.kamboj.400/unzipped-coral/Paola/Degraded_Reef/April_2024_Pavonas/20240307_110200.WAV,{'bioph_low_growl'}
/home/s.kamboj.400/unzipped-coral/Paola/Degraded_Reef/Feb_March_2024_Pavonas/20240227_101300.WAV,{'bioph_cascading_saw'}
/home/s.kamboj.400/unzipped-coral/Paola/Degraded_Reef/Pavonas_June2025/20250622_073619.WAV,{'bioph_cascading_saw'}
/home/s.kamboj.400/unzipped-coral/Paola/Non_Degraded_Reef/May_2025/20250317_180600.WAV,{'bioph_cascading_saw'}
/home/s.kamboj.400/unzipped-coral/Paola/Degraded_Reef/Pavonas_June2025/20250628_092521.WAV,{'bioph_cascading_saw'}
/home/s.kamboj.400/unzipped-coral/Paola/Degraded_Reef/Feb_March_2024_Pavonas/20240227_061600.WAV,{'bioph_cascading_saw'}
/home/s.kamboj.400/unzipped-coral/Paola/Degraded_Reef/April_2024_Pavonas/20240308_041600.WAV,{'bioph_cascading_saw'}
/home/s.kamboj.400/unzipped-coral/Paola/Degraded_Reef/Pavonas_June2025/20250627_230722.WAV,{'bioph_cascading_saw'}
/home/s.kamboj.400/unzipped-coral/Paola/Non_Degraded_Reef/May_2025/20250319_092603.WAV,{'bioph_cascading_saw'}
/home/s.kamboj.400/unzipped-coral/Paola/Non_Degraded_Reef/May_2025/20250318_105902.WAV,{'bioph_cascading_saw'}
/home/s.kamboj.400/unzipped-coral/Paola/Non_Degraded_Reef/July_2024/20240722_165200.WAV,{'bioph_cascading_saw'}
/home/s.kamboj.400/unzipped-coral/Paola/Degraded_Reef/Feb_March_2024_Pavonas/20240229_054600.WAV,{'bioph_cascading_saw'}
/home/s.kamboj.400/unzipped-coral/Paola/Non_Degraded_Reef/May_2025/20250323_092800.WAV,{'bioph_cascading_saw'}
/home/s.kamboj.400/unzipped-coral/Paola/Degraded_Reef/Pavonas_June2025/20250623_092821.WAV,{'bioph_cascading_saw'}
/home/s.kamboj.400/unzipped-coral/Paola/Degraded_Reef/April_2024_Pavonas/20240309_155600.WAV,{'bioph_mycbon'}
/home/s.kamboj.400/unzipped-coral/Paola/Non_Degraded_Reef/July_2024/20240723_162200.WAV,{'bioph_cascading_saw'}
/home/s.kamboj.400/unzipped-coral/Paola/Degraded_Reef/April_2024_Pavonas/20240307_034900.WAV,{'bioph_cascading_saw'}
/home/s.kamboj.400/unzipped-coral/Paola/Non_Degraded_Reef/July_2024/20240716_222600.WAV,{'bioph_cascading_saw'}
/home/s.kamboj.400/unzipped-coral/Paola/Non_Degraded_Reef/July_2024/20240716_131000.WAV,{'bioph_knock_croak_b'}
/home/s.kamboj.400/unzipped-coral/Paola/Degraded_Reef/Feb_March_2024_Pavonas/20240226_194700.WAV,{'bioph_holocentrus'}
/home/s.kamboj.400/unzipped-coral/Paola/Non_Degraded_Reef/May_2025/20250319_164901.WAV,{'bioph_cascading_saw'}
/home/s.kamboj.400/unzipped-coral/Paola/Degraded_Reef/Feb_March_2024_Pavonas/20240228_104300.WAV,{'bioph_cascading_saw'}
/home/s.kamboj.400/unzipped-coral/Paola/Non_Degraded_Reef/May_2025/20250321_185100.WAV,{'bioph_cascading_saw'}
/home/s.kamboj.400/unzipped-coral/Paola/Non_Degraded_Reef/May_2025/20250317_083200.WAV,{'bioph_cascading_saw'}
/home/s.kamboj.400/unzipped-coral/Paola/Degraded_Reef/Pavonas_June2025/20250620_203918.WAV,{'bioph_cascading_saw'}
/home/s.kamboj.400/unzipped-coral/Paola/Degraded_Reef/Pavonas_June2025/20250622_104219.WAV,{'bioph_cascading_saw'}
/home/s.kamboj.400/unzipped-coral/Paola/Degraded_Reef/April_2024_Pavonas/20240306_225000.WAV,{'bioph_cascading_saw'}
/home/s.kamboj.400/unzipped-coral/Paola/Degraded_Reef/Feb_March_2024_Pavonas/20240227_095500.WAV,{'bioph_cascading_saw'}
/home/s.kamboj.400/unzipped-coral/Paola/Non_Degraded_Reef/May_2025/20250319_130100.WAV,{'bioph_cascading_saw'}
/home/s.kamboj.400/unzipped-coral/Paola/Degraded_Reef/Pavonas_June2025/20250620_085819.WAV,{'bioph_cascading_saw'}
/home/s.kamboj.400/unzipped-coral/Paola/Non_Degraded_Reef/May_2025/20250320_152900.WAV,{'bioph_cascading_saw'}
/home/s.kamboj.400/unzipped-coral/Paola/Degraded_Reef/Pavonas_June2025/20250623_161220.WAV,{'bioph_low_growl'}
/home/s.kamboj.400/unzipped-coral/Paola/Non_Degraded_Reef/May_2025/20250317_182900.WAV,{'bioph_cascading_saw'}
/home/s.kamboj.400/unzipped-coral/Paola/Non_Degraded_Reef/May_2025/20250319_154301.WAV,{'bioph_cascading_saw'}
/home/s.kamboj.400/unzipped-coral/Paola/Degraded_Reef/Feb_March_2024_Pavonas/20240227_085100.WAV,{'bioph_cascading_saw'}
/home/s.kamboj.400/unzipped-coral/Paola/Non_Degraded_Reef/May_2025/20250319_185500.WAV,{'bioph_cascading_saw'}
/home/s.kamboj.400/unzipped-coral/Paola/Non_Degraded_Reef/May_2025/20250320_133000.WAV,{'bioph_cascading_saw'}
/home/s.kamboj.400/unzipped-coral/Paola/Degraded_Reef/Pavonas_June2025/20250624_123519.WAV,{'bioph_cascading_saw'}
/home/s.kamboj.400/unzipped-coral/Paola/Non_Degraded_Reef/May_2025/20250319_121600.WAV,{'bioph_cascading_saw'}
/home/s.kamboj.400/unzipped-coral/Paola/Non_Degraded_Reef/July_2024/20240724_141800.WAV,{'bioph_cascading_saw'}
/home/s.kamboj.400/unzipped-coral/Paola/Non_Degraded_Reef/May_2025/20250321_180200.WAV,{'bioph_cascading_saw'}
/home/s.kamboj.400/unzipped-coral/Paola/Degraded_Reef/Pavonas_June2025/20250622_140719.WAV,{'bioph_cascading_saw'}
/home/s.kamboj.400/unzipped-coral/Paola/Degraded_Reef/Feb_March_2024_Pavonas/20240228_080800.WAV,{'bioph_cascading_saw'}
/home/s.kamboj.400/unzipped-coral/Paola/Non_Degraded_Reef/May_2025/20250322_075300.WAV,{'bioph_cascading_saw'}
/home/s.kamboj.400/unzipped-coral/Paola/Non_Degraded_Reef/May_2025/20250322_085000.WAV,{'bioph_cascading_saw'}
/home/s.kamboj.400/unzipped-coral/Paola/Non_Degraded_Reef/May_2025/20250319_072600.WAV,{'bioph_cascading_saw'}
/home/s.kamboj.400/unzipped-coral/Paola/Degraded_Reef/April_2024_Pavonas/20240306_213800.WAV,{'bioph_cascading_saw'}
/home/s.kamboj.400/unzipped-coral/Paola/Non_Degraded_Reef/May_2025/20250323_090800.WAV,{'bioph_cascading_saw'}
/home/s.kamboj.400/unzipped-coral/Paola/Non_Degraded_Reef/May_2025/20250319_125400.WAV,{'bioph_cascading_saw'}
/home/s.kamboj.400/unzipped-coral/Paola/Non_Degraded_Reef/May_2025/20250322_102700.WAV,{'bioph_cascading_saw'}
/home/s.kamboj.400/unzipped-coral/Paola/Non_Degraded_Reef/May_2025/20250323_070500.WAV,{'bioph_cascading_saw'}
/home/s.kamboj.400/unzipped-coral/Paola/Degraded_Reef/Pavonas_June2025/20250624_200420.WAV,{'bioph_cascading_saw'}
/home/s.kamboj.400/unzipped-coral/Paola/Degraded_Reef/Feb_March_2024_Pavonas/20240227_142700.WAV,{'bioph_holocentrus'}
/home/s.kamboj.400/unzipped-coral/Paola/Degraded_Reef/Feb_March_2024_Pavonas/20240227_121900.WAV,{'bioph_holocentrus'}
/home/s.kamboj.400/unzipped-coral/Paola/Degraded_Reef/Pavonas_June2025/20250622_114119.WAV,{'bioph_cascading_saw'}
/home/s.kamboj.400/unzipped-coral/Paola/Non_Degraded_Reef/May_2025/20250321_073300.WAV,{'bioph_cascading_saw'}
/home/s.kamboj.400/unzipped-coral/Paola/Degraded_Reef/Feb_March_2024_Pavonas/20240227_164900.WAV,{'bioph'}
/home/s.kamboj.400/unzipped-coral/Paola/Non_Degraded_Reef/May_2025/20250316_220800.WAV,{'bioph_cascading_saw'}
/home/s.kamboj.400/unzipped-coral/Paola/Degraded_Reef/Pavonas_June2025/20250627_074232.WAV,{'bioph_cascading_saw'}
/home/s.kamboj.400/unzipped-coral/Paola/Degraded_Reef/Pavonas_June2025/20250621_081818.WAV,{'bioph_cascading_saw'}
/home/s.kamboj.400/unzipped-coral/Paola/Non_Degraded_Reef/May_2025/20250319_131100.WAV,{'bioph_cascading_saw'}
/home/s.kamboj.400/unzipped-coral/Paola/Degraded_Reef/Feb_March_2024_Pavonas/20240228_220600.WAV,{'bioph'}
/home/s.kamboj.400/unzipped-coral/Paola/Degraded_Reef/Pavonas_June2025/20250628_060422.WAV,{'bioph_cascading_saw'}
/home/s.kamboj.400/unzipped-coral/Paola/Degraded_Reef/Pavonas_June2025/20250625_161816.WAV,{'bioph_cascading_saw'}
/home/s.kamboj.400/unzipped-coral/Paola/Degraded_Reef/Pavonas_June2025/20250622_111119.WAV,{'bioph_cascading_saw'}
/home/s.kamboj.400/unzipped-coral/Paola/Degraded_Reef/Feb_March_2024_Pavonas/20240228_202400.WAV,{'bioph_cascading_saw'}
/home/s.kamboj.400/unzipped-coral/Paola/Non_Degraded_Reef/May_2025/20250315_082600.WAV,{'bioph_cascading_saw'}
/home/s.kamboj.400/unzipped-coral/Paola/Degraded_Reef/April_2024_Pavonas/20240307_221700.WAV,{'bioph_cascading_saw'}
/home/s.kamboj.400/unzipped-coral/Paola/Non_Degraded_Reef/May_2025/20250320_083800.WAV,{'bioph_cascading_saw'}
/home/s.kamboj.400/unzipped-coral/Paola/Degraded_Reef/Pavonas_June2025/20250625_145720.WAV,{'bioph_cascading_saw'}
/home/s.kamboj.400/unzipped-coral/Paola/Degraded_Reef/Feb_March_2024_Pavonas/20240228_095000.WAV,{'bioph_cascading_saw'}
/home/s.kamboj.400/unzipped-coral/Paola/Non_Degraded_Reef/May_2025/20250318_081100.WAV,{'bioph_cascading_saw'}
/home/s.kamboj.400/unzipped-coral/Paola/Non_Degraded_Reef/May_2025/20250322_183401.WAV,{'bioph_cascading_saw'}
/home/s.kamboj.400/unzipped-coral/Paola/Non_Degraded_Reef/May_2025/20250318_105700.WAV,{'bioph_cascading_saw'}
/home/s.kamboj.400/unzipped-coral/Paola/Degraded_Reef/Pavonas_June2025/20250620_124419.WAV,{'bioph_cascading_saw'}
/home/s.kamboj.400/unzipped-coral/Paola/Degraded_Reef/Pavonas_June2025/20250624_112120.WAV,{'bioph_cascading_saw'}
/home/s.kamboj.400/unzipped-coral/Paola/Degraded_Reef/Feb_March_2024_Pavonas/20240226_215400.WAV,{'bioph_holocentrus'}
/home/s.kamboj.400/unzipped-coral/Paola/Degraded_Reef/April_2024_Pavonas/20240307_134200.WAV,{'bioph_cascading_saw'}
/home/s.kamboj.400/unzipped-coral/Paola/Non_Degraded_Reef/May_2025/20250319_184503.WAV,{'bioph_cascading_saw'}
/home/s.kamboj.400/unzipped-coral/Paola/Degraded_Reef/April_2024_Pavonas/20240307_013500.WAV,{'bioph_cascading_saw'}
/home/s.kamboj.400/unzipped-coral/Paola/Degraded_Reef/Pavonas_June2025/20250626_172521.WAV,{'bioph_cascading_saw'}
/home/s.kamboj.400/unzipped-coral/Paola/Non_Degraded_Reef/July_2024/20240721_154200.WAV,{'bioph_cascading_saw'}
/home/s.kamboj.400/unzipped-coral/Paola/Non_Degraded_Reef/July_2024/20240722_195200.WAV,{'bioph_cascading_saw'}
/home/s.kamboj.400/unzipped-coral/Paola/Degraded_Reef/April_2024_Pavonas/20240307_002600.WAV,{'bioph_cascading_saw'}
/home/s.kamboj.400/unzipped-coral/Paola/Degraded_Reef/April_2024_Pavonas/20240308_200100.WAV,{'bioph_cascading_saw'}
/home/s.kamboj.400/unzipped-coral/Paola/Degraded_Reef/Pavonas_June2025/20250619_080918.WAV,"{'bioph_cascading_saw', 'bioph_low_growl'}"
/home/s.kamboj.400/unzipped-coral/Paola/Non_Degraded_Reef/May_2025/20250321_224901.WAV,{'bioph_cascading_saw'}
/home/s.kamboj.400/unzipped-coral/Paola/Degraded_Reef/Pavonas_June2025/20250622_063719.WAV,{'bioph_cascading_saw'}
/home/s.kamboj.400/unzipped-coral/Paola/Non_Degraded_Reef/May_2025/20250320_220400.WAV,{'bioph_cascading_saw'}
/home/s.kamboj.400/unzipped-coral/Paola/Non_Degraded_Reef/May_2025/20250321_131500.WAV,{'bioph_cascading_saw'}
/home/s.kamboj.400/unzipped-coral/Paola/Degraded_Reef/Pavonas_June2025/20250625_134719.WAV,{'bioph_cascading_saw'}
/home/s.kamboj.400/unzipped-coral/Paola/Non_Degraded_Reef/July_2024/20240716_112000.WAV,{'bioph_cascading_saw'}
/home/s.kamboj.400/unzipped-coral/Paola/Non_Degraded_Reef/May_2025/20250321_165200.WAV,{'bioph_cascading_saw'}
/home/s.kamboj.400/unzipped-coral/Paola/Non_Degraded_Reef/July_2024/20240722_080600.WAV,{'bioph_cascading_saw'}
/home/s.kamboj.400/unzipped-coral/Paola/Degraded_Reef/April_2024_Pavonas/20240308_100300.WAV,{'bioph_cascading_saw'}
/home/s.kamboj.400/unzipped-coral/Paola/Non_Degraded_Reef/May_2025/20250318_173800.WAV,{'bioph_cascading_saw'}
/home/s.kamboj.400/unzipped-coral/Paola/Degraded_Reef/Feb_March_2024_Pavonas/20240228_203700.WAV,{'bioph_cascading_saw'}
/home/s.kamboj.400/unzipped-coral/Paola/Degraded_Reef/Feb_March_2024_Pavonas/20240228_073200.WAV,{'bioph_cascading_saw'}
/home/s.kamboj.400/unzipped-coral/Paola/Non_Degraded_Reef/May_2025/20250323_091500.WAV,{'bioph_cascading_saw'}
/home/s.kamboj.400/unzipped-coral/Paola/Degraded_Reef/April_2024_Pavonas/20240308_131700.WAV,{'bioph_cascading_saw'}
/home/s.kamboj.400/unzipped-coral/Paola/Degraded_Reef/Feb_March_2024_Pavonas/20240229_025600.WAV,{'bioph_pulse'}
/home/s.kamboj.400/unzipped-coral/Paola/Non_Degraded_Reef/May_2025/20250318_143000.WAV,{'bioph_cascading_saw'}
/home/s.kamboj.400/unzipped-coral/Paola/Degraded_Reef/Pavonas_June2025/20250619_173118.WAV,{'bioph_cascading_saw'}
/home/s.kamboj.400/unzipped-coral/Paola/Non_Degraded_Reef/May_2025/20250318_112200.WAV,{'bioph_cascading_saw'}
/home/s.kamboj.400/unzipped-coral/Paola/Non_Degraded_Reef/July_2024/20240718_074400.WAV,{'bioph_grouper_a'}
/home/s.kamboj.400/unzipped-coral/Paola/Non_Degraded_Reef/May_2025/20250318_130700.WAV,{'bioph_cascading_saw'}
/home/s.kamboj.400/unzipped-coral/Paola/Degraded_Reef/Feb_March_2024_Pavonas/20240228_004900.WAV,"{'bioph_cascading_saw', 'bioph_holocentrus'}"
/home/s.kamboj.400/unzipped-coral/Paola/Degraded_Reef/April_2024_Pavonas/20240306_061100.WAV,{'bioph_cascading_saw'}
/home/s.kamboj.400/unzipped-coral/Paola/Non_Degraded_Reef/July_2024/20240724_153600.WAV,{'bioph_cascading_saw'}
/home/s.kamboj.400/unzipped-coral/Paola/Degraded_Reef/Pavonas_June2025/20250620_235319.WAV,{'bioph_cascading_saw'}
/home/s.kamboj.400/unzipped-coral/Paola/Degraded_Reef/Pavonas_June2025/20250626_061120.WAV,{'bioph_cascading_saw'}
/home/s.kamboj.400/unzipped-coral/Paola/Non_Degraded_Reef/May_2025/20250320_111500.WAV,{'bioph_cascading_saw'}
/home/s.kamboj.400/unzipped-coral/Paola/Non_Degraded_Reef/May_2025/20250322_085900.WAV,{'bioph_cascading_saw'}
/home/s.kamboj.400/unzipped-coral/Paola/Non_Degraded_Reef/July_2024/20240720_224600.WAV,{'bioph_cascading_saw'}
/home/s.kamboj.400/unzipped-coral/Paola/Degraded_Reef/Feb_March_2024_Pavonas/20240228_094900.WAV,{'bioph_cascading_saw'}
/home/s.kamboj.400/unzipped-coral/Paola/Non_Degraded_Reef/May_2025/20250319_154500.WAV,{'bioph_cascading_saw'}
/home/s.kamboj.400/unzipped-coral/Paola/Degraded_Reef/Feb_March_2024_Pavonas/20240227_114800.WAV,{'bioph_cascading_saw'}
/home/s.kamboj.400/unzipped-coral/Paola/Degraded_Reef/Feb_March_2024_Pavonas/20240229_173900.WAV,{'bioph_cascading_saw'}
/home/s.kamboj.400/unzipped-coral/Paola/Non_Degraded_Reef/July_2024/20240723_185000.WAV,{'bioph_cascading_saw'}
/home/s.kamboj.400/unzipped-coral/Paola/Degraded_Reef/Pavonas_June2025/20250625_095320.WAV,{'bioph_cascading_saw'}
/home/s.kamboj.400/unzipped-coral/Paola/Non_Degraded_Reef/May_2025/20250319_123000.WAV,{'bioph_cascading_saw'}
/home/s.kamboj.400/unzipped-coral/Paola/Degraded_Reef/Pavonas_June2025/20250626_090320.WAV,{'bioph_cascading_saw'}
/home/s.kamboj.400/unzipped-coral/Paola/Non_Degraded_Reef/July_2024/20240718_082800.WAV,{'bioph_cascading_saw'}
/home/s.kamboj.400/unzipped-coral/Paola/Degraded_Reef/Feb_March_2024_Pavonas/20240227_234800.WAV,{'bioph_cascading_saw'}
/home/s.kamboj.400/unzipped-coral/Paola/Degraded_Reef/Feb_March_2024_Pavonas/20240227_012700.WAV,"{'bioph_cascading_saw', 'bioph_holocentrus', 'geoph_waves'}"
/home/s.kamboj.400/unzipped-coral/Paola/Degraded_Reef/Pavonas_June2025/20250620_183218.WAV,{'bioph_cascading_saw'}
/home/s.kamboj.400/unzipped-coral/Paola/Degraded_Reef/Pavonas_June2025/20250625_221820.WAV,{'bioph_cascading_saw'}
/home/s.kamboj.400/unzipped-coral/Paola/Degraded_Reef/April_2024_Pavonas/20240309_202000.WAV,{'bioph_cascading_saw'}
/home/s.kamboj.400/unzipped-coral/Paola/Degraded_Reef/Feb_March_2024_Pavonas/20240228_085200.WAV,{'bioph_cascading_saw'}
/home/s.kamboj.400/unzipped-coral/Paola/Non_Degraded_Reef/May_2025/20250318_133500.WAV,{'bioph_cascading_saw'}
/home/s.kamboj.400/unzipped-coral/Paola/Degraded_Reef/Pavonas_June2025/20250619_183718.WAV,{'bioph_cascading_saw'}
/home/s.kamboj.400/unzipped-coral/Paola/Degraded_Reef/April_2024_Pavonas/20240309_001100.WAV,{'bioph_cascading_saw'}
/home/s.kamboj.400/unzipped-coral/Paola/Degraded_Reef/Feb_March_2024_Pavonas/20240229_193300.WAV,{'bioph_cascading_saw'}
/home/s.kamboj.400/unzipped-coral/Paola/Degraded_Reef/Pavonas_June2025/20250627_084115.WAV,{'bioph_cascading_saw'}
/home/s.kamboj.400/unzipped-coral/Paola/Degraded_Reef/Pavonas_June2025/20250624_115519.WAV,{'bioph_grouper_a'}
/home/s.kamboj.400/unzipped-coral/Paola/Degraded_Reef/Pavonas_June2025/20250623_171120.WAV,{'bioph'}
/home/s.kamboj.400/unzipped-coral/Paola/Non_Degraded_Reef/July_2024/20240719_161600.WAV,{'bioph_cascading_saw'}
/home/s.kamboj.400/unzipped-coral/Paola/Non_Degraded_Reef/May_2025/20250315_081700.WAV,"{'bioph_cascading_saw', 'bioph_double_pulse'}"
/home/s.kamboj.400/unzipped-coral/Paola/Degraded_Reef/Feb_March_2024_Pavonas/20240226_175100.WAV,{'bioph_holocentrus'}
/home/s.kamboj.400/unzipped-coral/Paola/Non_Degraded_Reef/May_2025/20250314_112800.WAV,{'bioph_cascading_saw'}
/home/s.kamboj.400/unzipped-coral/Paola/Degraded_Reef/Pavonas_June2025/20250626_220824.WAV,{'bioph_cascading_saw'}
/home/s.kamboj.400/unzipped-coral/Paola/Non_Degraded_Reef/July_2024/20240723_083800.WAV,{'bioph_grouper_a'}
/home/s.kamboj.400/unzipped-coral/Paola/Degraded_Reef/Feb_March_2024_Pavonas/20240227_214800.WAV,{'bioph_holocentrus'}
/home/s.kamboj.400/unzipped-coral/Paola/Degraded_Reef/Feb_March_2024_Pavonas/20240228_221500.WAV,{'bioph_cascading_saw'}
/home/s.kamboj.400/unzipped-coral/Paola/Non_Degraded_Reef/July_2024/20240716_162600.WAV,{'bioph_cascading_saw'}
/home/s.kamboj.400/unzipped-coral/Paola/Non_Degraded_Reef/May_2025/20250321_171300.WAV,{'bioph_cascading_saw'}
/home/s.kamboj.400/unzipped-coral/Paola/Degraded_Reef/Pavonas_June2025/20250627_102022.WAV,{'bioph_cascading_saw'}
/home/s.kamboj.400/unzipped-coral/Paola/Degraded_Reef/Feb_March_2024_Pavonas/20240228_120200.WAV,"{'bioph_cascading_saw', 'bioph_holocentrus'}"
/home/s.kamboj.400/unzipped-coral/Paola/Degraded_Reef/Feb_March_2024_Pavonas/20240229_135200.WAV,{'bioph_cascading_saw'}
/home/s.kamboj.400/unzipped-coral/Paola/Non_Degraded_Reef/May_2025/20250321_211500.WAV,{'bioph_cascading_saw'}
/home/s.kamboj.400/unzipped-coral/Paola/Non_Degraded_Reef/May_2025/20250318_151300.WAV,{'bioph_cascading_saw'}
/home/s.kamboj.400/unzipped-coral/Paola/Degraded_Reef/Feb_March_2024_Pavonas/20240228_082100.WAV,{'bioph_cascading_saw'}
/home/s.kamboj.400/unzipped-coral/Paola/Non_Degraded_Reef/July_2024/20240725_094800.WAV,{'bioph_cascading_saw'}
/home/s.kamboj.400/unzipped-coral/Paola/Degraded_Reef/Feb_March_2024_Pavonas/20240227_181500.WAV,{'bioph_holocentrus'}
/home/s.kamboj.400/unzipped-coral/Paola/Non_Degraded_Reef/May_2025/20250315_202700.WAV,{'bioph_cascading_saw'}
/home/s.kamboj.400/unzipped-coral/Paola/Degraded_Reef/April_2024_Pavonas/20240306_075300.WAV,{'bioph_cascading_saw'}
/home/s.kamboj.400/unzipped-coral/Paola/Degraded_Reef/Pavonas_June2025/20250626_092416.WAV,{'bioph_cascading_saw'}
/home/s.kamboj.400/unzipped-coral/Paola/Non_Degraded_Reef/May_2025/20250320_084900.WAV,{'bioph_cascading_saw'}
/home/s.kamboj.400/unzipped-coral/Paola/Degraded_Reef/Feb_March_2024_Pavonas/20240228_224800.WAV,{'bioph_holocentrus'}
/home/s.kamboj.400/unzipped-coral/Paola/Degraded_Reef/April_2024_Pavonas/20240306_045100.WAV,{'bioph_cascading_saw'}
/home/s.kamboj.400/unzipped-coral/Paola/Degraded_Reef/Pavonas_June2025/20250625_130119.WAV,{'bioph_cascading_saw'}
/home/s.kamboj.400/unzipped-coral/Paola/Degraded_Reef/Pavonas_June2025/20250627_105231.WAV,{'bioph_cascading_saw'}
/home/s.kamboj.400/unzipped-coral/Paola/Non_Degraded_Reef/May_2025/20250321_191900.WAV,{'bioph_cascading_saw'}
/home/s.kamboj.400/unzipped-coral/Paola/Degraded_Reef/Feb_March_2024_Pavonas/20240227_025700.WAV,"{'bioph_cascading_saw', 'geoph_waves'}"
/home/s.kamboj.400/unzipped-coral/Paola/Degraded_Reef/Pavonas_June2025/20250622_073325.WAV,"{'bioph_cascading_saw', 'bioph'}"
/home/s.kamboj.400/unzipped-coral/Paola/Degraded_Reef/Pavonas_June2025/20250619_232818.WAV,{'bioph_holocentrus'}
/home/s.kamboj.400/unzipped-coral/Paola/Degraded_Reef/Feb_March_2024_Pavonas/20240228_151800.WAV,{'bioph_cascading_saw'}
/home/s.kamboj.400/unzipped-coral/Paola/Degraded_Reef/April_2024_Pavonas/20240307_001500.WAV,{'bioph_cascading_saw'}
/home/s.kamboj.400/unzipped-coral/Paola/Degraded_Reef/Feb_March_2024_Pavonas/20240227_031300.WAV,{'bioph_cascading_saw'}
/home/s.kamboj.400/unzipped-coral/Paola/Non_Degraded_Reef/May_2025/20250321_180600.WAV,{'bioph_cascading_saw'}
/home/s.kamboj.400/unzipped-coral/Paola/Degraded_Reef/April_2024_Pavonas/20240306_222500.WAV,{'bioph_cascading_saw'}
/home/s.kamboj.400/unzipped-coral/Paola/Non_Degraded_Reef/May_2025/20250321_154001.WAV,{'bioph_cascading_saw'}
/home/s.kamboj.400/unzipped-coral/Paola/Non_Degraded_Reef/May_2025/20250322_101400.WAV,{'bioph_cascading_saw'}
/home/s.kamboj.400/unzipped-coral/Paola/Degraded_Reef/Pavonas_June2025/20250625_190720.WAV,{'bioph_cascading_saw'}
/home/s.kamboj.400/unzipped-coral/Paola/Degraded_Reef/Pavonas_June2025/20250618_210718.WAV,{'bioph_cascading_saw'}
/home/s.kamboj.400/unzipped-coral/Paola/Degraded_Reef/Pavonas_June2025/20250627_090320.WAV,{'bioph_cascading_saw'}
/home/s.kamboj.400/unzipped-coral/Paola/Non_Degraded_Reef/July_2024/20240721_131000.WAV,{'bioph'}
/home/s.kamboj.400/unzipped-coral/Paola/Degraded_Reef/Pavonas_June2025/20250622_140319.WAV,{'bioph_cascading_saw'}
/home/s.kamboj.400/unzipped-coral/Paola/Degraded_Reef/Pavonas_June2025/20250627_082915.WAV,{'bioph_mycbon'}
/home/s.kamboj.400/unzipped-coral/Paola/Non_Degraded_Reef/July_2024/20240719_134200.WAV,{'bioph_cascading_saw'}
/home/s.kamboj.400/unzipped-coral/Paola/Non_Degraded_Reef/July_2024/20240722_170400.WAV,{'bioph_grouper_a'}
/home/s.kamboj.400/unzipped-coral/Paola/Degraded_Reef/April_2024_Pavonas/20240309_143900.WAV,{'bioph_grouper_a'}
/home/s.kamboj.400/unzipped-coral/Paola/Degraded_Reef/Feb_March_2024_Pavonas/20240227_215600.WAV,{'bioph_cascading_saw'}
/home/s.kamboj.400/unzipped-coral/Paola/Non_Degraded_Reef/May_2025/20250319_064001.WAV,{'bioph_cascading_saw'}
/home/s.kamboj.400/unzipped-coral/Paola/Degraded_Reef/April_2024_Pavonas/20240309_054900.WAV,{'bioph_cascading_saw'}
/home/s.kamboj.400/unzipped-coral/Paola/Non_Degraded_Reef/May_2025/20250322_185300.WAV,{'bioph_cascading_saw'}
/home/s.kamboj.400/unzipped-coral/Paola/Degraded_Reef/Feb_March_2024_Pavonas/20240227_004900.WAV,{'bioph_holocentrus'}
/home/s.kamboj.400/unzipped-coral/Paola/Degraded_Reef/April_2024_Pavonas/20240307_212300.WAV,{'bioph_cascading_saw'}
/home/s.kamboj.400/unzipped-coral/Paola/Non_Degraded_Reef/May_2025/20250315_133600.WAV,{'bioph_stridulation'}
/home/s.kamboj.400/unzipped-coral/Paola/Non_Degraded_Reef/May_2025/20250319_082800.WAV,{'bioph_cascading_saw'}
/home/s.kamboj.400/unzipped-coral/Paola/Non_Degraded_Reef/May_2025/20250322_141900.WAV,{'bioph_cascading_saw'}
/home/s.kamboj.400/unzipped-coral/Paola/Non_Degraded_Reef/July_2024/20240724_105000.WAV,{'bioph_cascading_saw'}
/home/s.kamboj.400/unzipped-coral/Paola/Degraded_Reef/Feb_March_2024_Pavonas/20240227_052100.WAV,{'bioph_cascading_saw'}
/home/s.kamboj.400/unzipped-coral/Paola/Degraded_Reef/Feb_March_2024_Pavonas/20240228_000100.WAV,{'bioph_holocentrus'}
/home/s.kamboj.400/unzipped-coral/Paola/Non_Degraded_Reef/May_2025/20250318_141000.WAV,{'bioph_cascading_saw'}
/home/s.kamboj.400/unzipped-coral/Paola/Non_Degraded_Reef/May_2025/20250319_152000.WAV,{'bioph_cascading_saw'}
/home/s.kamboj.400/unzipped-coral/Paola/Non_Degraded_Reef/May_2025/20250318_222700.WAV,{'bioph_cascading_saw'}
/home/s.kamboj.400/unzipped-coral/Paola/Degraded_Reef/April_2024_Pavonas/20240307_183900.WAV,{'bioph_cascading_saw'}
/home/s.kamboj.400/unzipped-coral/Paola/Degraded_Reef/Pavonas_June2025/20250623_115819.WAV,{'bioph_cascading_saw'}
/home/s.kamboj.400/unzipped-coral/Paola/Degraded_Reef/Feb_March_2024_Pavonas/20240228_234400.WAV,{'bioph_holocentrus'}
/home/s.kamboj.400/unzipped-coral/Paola/Degraded_Reef/Pavonas_June2025/20250619_143618.WAV,{'bioph_cascading_saw'}
/home/s.kamboj.400/unzipped-coral/Paola/Non_Degraded_Reef/May_2025/20250319_190700.WAV,{'bioph_cascading_saw'}
/home/s.kamboj.400/unzipped-coral/Paola/Non_Degraded_Reef/May_2025/20250317_125900.WAV,{'bioph_cascading_saw'}
/home/s.kamboj.400/unzipped-coral/Paola/Degraded_Reef/Feb_March_2024_Pavonas/20240227_102100.WAV,{'bioph_cascading_saw'}
/home/s.kamboj.400/unzipped-coral/Paola/Non_Degraded_Reef/May_2025/20250316_074500.WAV,{'bioph_cascading_saw'}
/home/s.kamboj.400/unzipped-coral/Paola/Degraded_Reef/Feb_March_2024_Pavonas/20240229_161600.WAV,{'bioph_cascading_saw'}
/home/s.kamboj.400/unzipped-coral/Paola/Non_Degraded_Reef/May_2025/20250318_181300.WAV,{'bioph_cascading_saw'}
/home/s.kamboj.400/unzipped-coral/Paola/Non_Degraded_Reef/May_2025/20250322_131900.WAV,{'bioph_cascading_saw'}
/home/s.kamboj.400/unzipped-coral/Paola/Degraded_Reef/Pavonas_June2025/20250623_190919.WAV,{'bioph_cascading_saw'}
/home/s.kamboj.400/unzipped-coral/Paola/Degraded_Reef/Pavonas_June2025/20250620_211124.WAV,{'bioph_cascading_saw'}
/home/s.kamboj.400/unzipped-coral/Paola/Non_Degraded_Reef/July_2024/20240722_162200.WAV,{'bioph_holocentrus'}
/home/s.kamboj.400/unzipped-coral/Paola/Degraded_Reef/Pavonas_June2025/20250622_104519.WAV,{'bioph_cascading_saw'}
/home/s.kamboj.400/unzipped-coral/Paola/Non_Degraded_Reef/May_2025/20250322_165900.WAV,{'bioph_cascading_saw'}
/home/s.kamboj.400/unzipped-coral/Paola/Degraded_Reef/Feb_March_2024_Pavonas/20240227_193200.WAV,{'bioph_holocentrus'}
/home/s.kamboj.400/unzipped-coral/Paola/Degraded_Reef/Feb_March_2024_Pavonas/20240226_233100.WAV,{'bioph_holocentrus'}
/home/s.kamboj.400/unzipped-coral/Paola/Degraded_Reef/Feb_March_2024_Pavonas/20240227_203600.WAV,{'bioph_cascading_saw'}
/home/s.kamboj.400/unzipped-coral/Paola/Degraded_Reef/Pavonas_June2025/20250621_083620.WAV,{'bioph_cascading_saw'}
/home/s.kamboj.400/unzipped-coral/Paola/Degraded_Reef/Feb_March_2024_Pavonas/20240227_185100.WAV,{'bioph_cascading_saw'}
/home/s.kamboj.400/unzipped-coral/Paola/Non_Degraded_Reef/May_2025/20250319_214000.WAV,{'bioph_cascading_saw'}
/home/s.kamboj.400/unzipped-coral/Paola/Degraded_Reef/April_2024_Pavonas/20240307_032400.WAV,{'bioph_cascading_saw'}
/home/s.kamboj.400/unzipped-coral/Paola/Non_Degraded_Reef/May_2025/20250320_083100.WAV,{'bioph_cascading_saw'}
/home/s.kamboj.400/unzipped-coral/Paola/Non_Degraded_Reef/May_2025/20250322_171400.WAV,{'bioph_cascading_saw'}
/home/s.kamboj.400/unzipped-coral/Paola/Degraded_Reef/Pavonas_June2025/20250628_120724.WAV,{'bioph_cascading_saw'}
/home/s.kamboj.400/unzipped-coral/Paola/Degraded_Reef/Pavonas_June2025/20250626_200422.WAV,{'bioph'}
/home/s.kamboj.400/unzipped-coral/Paola/Degraded_Reef/April_2024_Pavonas/20240307_010200.WAV,{'bioph_cascading_saw'}
/home/s.kamboj.400/unzipped-coral/Paola/Non_Degraded_Reef/May_2025/20250317_105200.WAV,{'bioph_cascading_saw'}
/home/s.kamboj.400/unzipped-coral/Paola/Degraded_Reef/Feb_March_2024_Pavonas/20240229_005200.WAV,"{'bioph_cascading_saw', 'bioph_holocentrus'}"
/home/s.kamboj.400/unzipped-coral/Paola/Non_Degraded_Reef/July_2024/20240719_073000.WAV,{'bioph_cascading_saw'}
/home/s.kamboj.400/unzipped-coral/Paola/Degraded_Reef/Pavonas_June2025/20250618_115018.WAV,{'bioph_growl'}
/home/s.kamboj.400/unzipped-coral/Paola/Degraded_Reef/Pavonas_June2025/20250625_105119.WAV,{'bioph_cascading_saw'}
/home/s.kamboj.400/unzipped-coral/Paola/Non_Degraded_Reef/May_2025/20250317_060700.WAV,{'bioph_cascading_saw'}
/home/s.kamboj.400/unzipped-coral/Paola/Degraded_Reef/Pavonas_June2025/20250623_155721.WAV,{'bioph_cascading_saw'}
/home/s.kamboj.400/unzipped-coral/Paola/Degraded_Reef/Feb_March_2024_Pavonas/20240227_051800.WAV,{'bioph_cascading_saw'}
/home/s.kamboj.400/unzipped-coral/Paola/Non_Degraded_Reef/May_2025/20250323_074700.WAV,{'bioph_cascading_saw'}
/home/s.kamboj.400/unzipped-coral/Paola/Degraded_Reef/Pavonas_June2025/20250623_212120.WAV,{'bioph_cascading_saw'}
/home/s.kamboj.400/unzipped-coral/Paola/Non_Degraded_Reef/May_2025/20250317_102400.WAV,{'bioph_cascading_saw'}
/home/s.kamboj.400/unzipped-coral/Paola/Degraded_Reef/Feb_March_2024_Pavonas/20240229_212700.WAV,{'bioph_cascading_saw'}
/home/s.kamboj.400/unzipped-coral/Paola/Degraded_Reef/Pavonas_June2025/20250627_225515.WAV,{'bioph_cascading_saw'}
/home/s.kamboj.400/unzipped-coral/Paola/Non_Degraded_Reef/May_2025/20250322_180800.WAV,{'bioph_cascading_saw'}
/home/s.kamboj.400/unzipped-coral/Paola/Non_Degraded_Reef/July_2024/20240717_055400.WAV,{'bioph_cascading_saw'}
/home/s.kamboj.400/unzipped-coral/Paola/Degraded_Reef/Pavonas_June2025/20250627_220320.WAV,{'bioph_cascading_saw'}
/home/s.kamboj.400/unzipped-coral/Paola/Degraded_Reef/Pavonas_June2025/20250620_140318.WAV,{'bioph_cascading_saw'}
/home/s.kamboj.400/unzipped-coral/Paola/Degraded_Reef/April_2024_Pavonas/20240306_155800.WAV,{'bioph_cascading_saw'}
/home/s.kamboj.400/unzipped-coral/Paola/Degraded_Reef/April_2024_Pavonas/20240308_050000.WAV,{'bioph_cascading_saw'}
/home/s.kamboj.400/unzipped-coral/Paola/Non_Degraded_Reef/May_2025/20250320_064800.WAV,{'bioph_cascading_saw'}
/home/s.kamboj.400/unzipped-coral/Paola/Degraded_Reef/Feb_March_2024_Pavonas/20240226_201300.WAV,{'bioph_holocentrus'}
/home/s.kamboj.400/unzipped-coral/Paola/Non_Degraded_Reef/May_2025/20250318_095302.WAV,{'bioph_cascading_saw'}
/home/s.kamboj.400/unzipped-coral/Paola/Degraded_Reef/Feb_March_2024_Pavonas/20240228_135000.WAV,{'bioph_cascading_saw'}
/home/s.kamboj.400/unzipped-coral/Paola/Degraded_Reef/April_2024_Pavonas/20240306_204800.WAV,{'bioph_cascading_saw'}
/home/s.kamboj.400/unzipped-coral/Paola/Degraded_Reef/Pavonas_June2025/20250619_183318.WAV,{'bioph_cascading_saw'}
/home/s.kamboj.400/unzipped-coral/Paola/Degraded_Reef/Feb_March_2024_Pavonas/20240229_131000.WAV,{'bioph_cascading_saw'}
/home/s.kamboj.400/unzipped-coral/Paola/Degraded_Reef/April_2024_Pavonas/20240307_044700.WAV,{'bioph_cascading_saw'}
/home/s.kamboj.400/unzipped-coral/Paola/Non_Degraded_Reef/May_2025/20250316_182500.WAV,{'bioph_cascading_saw'}
/home/s.kamboj.400/unzipped-coral/Paola/Degraded_Reef/Feb_March_2024_Pavonas/20240228_023700.WAV,{'bioph_cascading_saw'}
/home/s.kamboj.400/unzipped-coral/Paola/Degraded_Reef/Feb_March_2024_Pavonas/20240229_074000.WAV,{'bioph_cascading_saw'}
/home/s.kamboj.400/unzipped-coral/Paola/Non_Degraded_Reef/May_2025/20250318_180900.WAV,{'bioph_cascading_saw'}
/home/s.kamboj.400/unzipped-coral/Paola/Degraded_Reef/Pavonas_June2025/20250620_232719.WAV,{'bioph'}
/home/s.kamboj.400/unzipped-coral/Paola/Non_Degraded_Reef/May_2025/20250318_203700.WAV,{'bioph_cascading_saw'}
/home/s.kamboj.400/unzipped-coral/Paola/Degraded_Reef/April_2024_Pavonas/20240308_210800.WAV,{'bioph_cascading_saw'}
/home/s.kamboj.400/unzipped-coral/Paola/Non_Degraded_Reef/May_2025/20250317_064600.WAV,{'bioph_cascading_saw'}
/home/s.kamboj.400/unzipped-coral/Paola/Non_Degraded_Reef/May_2025/20250317_102300.WAV,{'bioph_cascading_saw'}
/home/s.kamboj.400/unzipped-coral/Paola/Non_Degraded_Reef/July_2024/20240719_152600.WAV,"{'bioph_cascading_saw', 'bioph_grouper_a'}"
/home/s.kamboj.400/unzipped-coral/Paola/Non_Degraded_Reef/May_2025/20250323_085400.WAV,{'bioph_cascading_saw'}
/home/s.kamboj.400/unzipped-coral/Paola/Degraded_Reef/Feb_March_2024_Pavonas/20240227_112800.WAV,{'bioph_cascading_saw'}
/home/s.kamboj.400/unzipped-coral/Paola/Degraded_Reef/Feb_March_2024_Pavonas/20240229_205300.WAV,{'bioph_cascading_saw'}
/home/s.kamboj.400/unzipped-coral/Paola/Non_Degraded_Reef/May_2025/20250321_174900.WAV,{'bioph_cascading_saw'}
/home/s.kamboj.400/unzipped-coral/Paola/Degraded_Reef/April_2024_Pavonas/20240308_090600.WAV,{'bioph_cascading_saw'}
/home/s.kamboj.400/unzipped-coral/Paola/Degraded_Reef/April_2024_Pavonas/20240307_132700.WAV,{'bioph_cascading_saw'}
/home/s.kamboj.400/unzipped-coral/Paola/Non_Degraded_Reef/May_2025/20250319_155600.WAV,{'bioph_cascading_saw'}
/home/s.kamboj.400/unzipped-coral/Paola/Degraded_Reef/April_2024_Pavonas/20240307_155000.WAV,{'bioph_cascading_saw'}
/home/s.kamboj.400/unzipped-coral/Paola/Degraded_Reef/Feb_March_2024_Pavonas/20240228_052200.WAV,{'bioph_cascading_saw'}
/home/s.kamboj.400/unzipped-coral/Paola/Degraded_Reef/Pavonas_June2025/20250620_141918.WAV,{'bioph_cascading_saw'}
/home/s.kamboj.400/unzipped-coral/Paola/Non_Degraded_Reef/May_2025/20250319_175100.WAV,{'bioph_cascading_saw'}
/home/s.kamboj.400/unzipped-coral/Paola/Degraded_Reef/Feb_March_2024_Pavonas/20240228_115500.WAV,{'bioph_cascading_saw'}
/home/s.kamboj.400/unzipped-coral/Paola/Degraded_Reef/Pavonas_June2025/20250621_131519.WAV,{'bioph_cascading_saw'}
/home/s.kamboj.400/unzipped-coral/Paola/Degraded_Reef/Feb_March_2024_Pavonas/20240228_100600.WAV,{'bioph_cascading_saw'}
/home/s.kamboj.400/unzipped-coral/Paola/Degraded_Reef/Pavonas_June2025/20250619_174718.WAV,{'bioph_cascading_saw'}
/home/s.kamboj.400/unzipped-coral/Paola/Non_Degraded_Reef/May_2025/20250322_095900.WAV,{'bioph_cascading_saw'}
/home/s.kamboj.400/unzipped-coral/Paola/Degraded_Reef/Feb_March_2024_Pavonas/20240227_042100.WAV,{'bioph_cascading_saw'}
/home/s.kamboj.400/unzipped-coral/Paola/Non_Degraded_Reef/May_2025/20250321_121100.WAV,{'bioph_cascading_saw'}
/home/s.kamboj.400/unzipped-coral/Paola/Non_Degraded_Reef/May_2025/20250319_133900.WAV,{'bioph_cascading_saw'}
/home/s.kamboj.400/unzipped-coral/Paola/Degraded_Reef/April_2024_Pavonas/20240307_211800.WAV,{'bioph_cascading_saw'}
/home/s.kamboj.400/unzipped-coral/Paola/Non_Degraded_Reef/May_2025/20250315_191800.WAV,{'bioph_cascading_saw'}
/home/s.kamboj.400/unzipped-coral/Paola/Non_Degraded_Reef/May_2025/20250316_192100.WAV,{'bioph_cascading_saw'}
/home/s.kamboj.400/unzipped-coral/Paola/Degraded_Reef/Feb_March_2024_Pavonas/20240228_105200.WAV,{'bioph_cascading_saw'}
/home/s.kamboj.400/unzipped-coral/Paola/Degraded_Reef/Pavonas_June2025/20250621_233819.WAV,{'bioph_cascading_saw'}
/home/s.kamboj.400/unzipped-coral/Paola/Degraded_Reef/Feb_March_2024_Pavonas/20240227_045000.WAV,{'bioph_cascading_saw'}
/home/s.kamboj.400/unzipped-coral/Paola/Degraded_Reef/Pavonas_June2025/20250624_125621.WAV,{'bioph_cascading_saw'}
/home/s.kamboj.400/unzipped-coral/Paola/Degraded_Reef/Pavonas_June2025/20250625_060524.WAV,{'bioph_cascading_saw'}
/home/s.kamboj.400/unzipped-coral/Paola/Non_Degraded_Reef/May_2025/20250321_184900.WAV,{'bioph_cascading_saw'}
/home/s.kamboj.400/unzipped-coral/Paola/Degraded_Reef/Pavonas_June2025/20250621_065719.WAV,{'bioph'}
/home/s.kamboj.400/unzipped-coral/Paola/Non_Degraded_Reef/July_2024/20240722_080000.WAV,{'bioph_cascading_saw'}
/home/s.kamboj.400/unzipped-coral/Paola/Degraded_Reef/April_2024_Pavonas/20240306_221000.WAV,{'bioph_cascading_saw'}
/home/s.kamboj.400/unzipped-coral/Paola/Non_Degraded_Reef/July_2024/20240717_064200.WAV,{'bioph_knock_croak_b'}
/home/s.kamboj.400/unzipped-coral/Paola/Non_Degraded_Reef/July_2024/20240722_175000.WAV,{'bioph_cascading_saw'}
/home/s.kamboj.400/unzipped-coral/Paola/Non_Degraded_Reef/July_2024/20240722_063600.WAV,{'bioph_cascading_saw'}
/home/s.kamboj.400/unzipped-coral/Paola/Non_Degraded_Reef/July_2024/20240719_170400.WAV,{'bioph_cascading_saw'}
/home/s.kamboj.400/unzipped-coral/Paola/Non_Degraded_Reef/May_2025/20250319_163301.WAV,{'bioph_cascading_saw'}
/home/s.kamboj.400/unzipped-coral/Paola/Non_Degraded_Reef/July_2024/20240717_061200.WAV,{'bioph_cascading_saw'}
/home/s.kamboj.400/unzipped-coral/Paola/Non_Degraded_Reef/July_2024/20240722_043400.WAV,{'bioph_cascading_saw'}
/home/s.kamboj.400/unzipped-coral/Paola/Degraded_Reef/Feb_March_2024_Pavonas/20240228_232300.WAV,{'bioph_cascading_saw'}
/home/s.kamboj.400/unzipped-coral/Paola/Degraded_Reef/Feb_March_2024_Pavonas/20240227_070900.WAV,{'bioph_cascading_saw'}
/home/s.kamboj.400/unzipped-coral/Paola/Non_Degraded_Reef/May_2025/20250315_092600.WAV,{'bioph_cascading_saw'}
/home/s.kamboj.400/unzipped-coral/Paola/Non_Degraded_Reef/May_2025/20250320_190400.WAV,{'bioph_cascading_saw'}
/home/s.kamboj.400/unzipped-coral/Paola/Degraded_Reef/Pavonas_June2025/20250625_224220.WAV,{'bioph'}
/home/s.kamboj.400/unzipped-coral/Paola/Non_Degraded_Reef/May_2025/20250317_181400.WAV,{'bioph_cascading_saw'}
/home/s.kamboj.400/unzipped-coral/Paola/Non_Degraded_Reef/May_2025/20250315_123100.WAV,{'bioph_cascading_saw'}
/home/s.kamboj.400/unzipped-coral/Paola/Degraded_Reef/Feb_March_2024_Pavonas/20240227_024800.WAV,{'bioph_cascading_saw'}
/home/s.kamboj.400/unzipped-coral/Paola/Non_Degraded_Reef/May_2025/20250321_134501.WAV,{'bioph_cascading_saw'}
/home/s.kamboj.400/unzipped-coral/Paola/Degraded_Reef/Feb_March_2024_Pavonas/20240228_030800.WAV,{'bioph_cascading_saw'}
/home/s.kamboj.400/unzipped-coral/Paola/Degraded_Reef/Pavonas_June2025/20250622_063319.WAV,{'bioph_cascading_saw'}
/home/s.kamboj.400/unzipped-coral/Paola/Degraded_Reef/Feb_March_2024_Pavonas/20240229_121000.WAV,{'bioph_cascading_saw'}
/home/s.kamboj.400/unzipped-coral/Paola/Degraded_Reef/Feb_March_2024_Pavonas/20240229_181800.WAV,{'bioph_cascading_saw'}
/home/s.kamboj.400/unzipped-coral/Paola/Degraded_Reef/Feb_March_2024_Pavonas/20240227_051200.WAV,"{'bioph_cascading_saw', 'geoph_waves'}"
/home/s.kamboj.400/unzipped-coral/Paola/Degraded_Reef/Pavonas_June2025/20250627_152121.WAV,{'bioph_cascading_saw'}
/home/s.kamboj.400/unzipped-coral/Paola/Degraded_Reef/Feb_March_2024_Pavonas/20240228_183400.WAV,{'bioph_holocentrus'}
/home/s.kamboj.400/unzipped-coral/Paola/Degraded_Reef/Pavonas_June2025/20250622_100220.WAV,{'bioph_cascading_saw'}
/home/s.kamboj.400/unzipped-coral/Paola/Degraded_Reef/Feb_March_2024_Pavonas/20240228_103200.WAV,"{'bioph_cascading_saw', 'bioph_croak'}"
/home/s.kamboj.400/unzipped-coral/Paola/Degraded_Reef/Feb_March_2024_Pavonas/20240227_200100.WAV,{'bioph_cascading_saw'}
/home/s.kamboj.400/unzipped-coral/Paola/Degraded_Reef/Feb_March_2024_Pavonas/20240229_153000.WAV,{'bioph_cascading_saw'}
/home/s.kamboj.400/unzipped-coral/Paola/Non_Degraded_Reef/July_2024/20240722_071600.WAV,{'bioph_cascading_saw'}
/home/s.kamboj.400/unzipped-coral/Paola/Non_Degraded_Reef/July_2024/20240722_134800.WAV,{'bioph_cascading_saw'}
/home/s.kamboj.400/unzipped-coral/Paola/Degraded_Reef/April_2024_Pavonas/20240307_154900.WAV,{'bioph_cascading_saw'}
/home/s.kamboj.400/unzipped-coral/Paola/Degraded_Reef/Feb_March_2024_Pavonas/20240229_142600.WAV,{'bioph_cascading_saw'}
/home/s.kamboj.400/unzipped-coral/Paola/Non_Degraded_Reef/May_2025/20250318_193500.WAV,{'bioph_cascading_saw'}
/home/s.kamboj.400/unzipped-coral/Paola/Degraded_Reef/Feb_March_2024_Pavonas/20240227_113100.WAV,{'bioph_holocentrus'}
/home/s.kamboj.400/unzipped-coral/Paola/Degraded_Reef/April_2024_Pavonas/20240308_205800.WAV,{'bioph_cascading_saw'}
/home/s.kamboj.400/unzipped-coral/Paola/Non_Degraded_Reef/July_2024/20240722_224800.WAV,{'bioph_cascading_saw'}
/home/s.kamboj.400/unzipped-coral/Paola/Degraded_Reef/Pavonas_June2025/20250619_072519.WAV,{'bioph_cascading_saw'}
/home/s.kamboj.400/unzipped-coral/Paola/Degraded_Reef/Pavonas_June2025/20250619_101318.WAV,{'bioph_cascading_saw'}
/home/s.kamboj.400/unzipped-coral/Paola/Degraded_Reef/April_2024_Pavonas/20240308_225900.WAV,{'bioph_cascading_saw'}
/home/s.kamboj.400/unzipped-coral/Paola/Non_Degraded_Reef/May_2025/20250314_160300.WAV,{'bioph_cascading_saw'}
/home/s.kamboj.400/unzipped-coral/Paola/Non_Degraded_Reef/May_2025/20250323_080500.WAV,{'bioph_cascading_saw'}
/home/s.kamboj.400/unzipped-coral/Paola/Degraded_Reef/April_2024_Pavonas/20240307_194300.WAV,{'bioph_cascading_saw'}
/home/s.kamboj.400/unzipped-coral/Paola/Degraded_Reef/April_2024_Pavonas/20240306_030100.WAV,{'bioph_cascading_saw'}
/home/s.kamboj.400/unzipped-coral/Paola/Degraded_Reef/Feb_March_2024_Pavonas/20240301_002400.WAV,{'bioph_holocentrus'}
/home/s.kamboj.400/unzipped-coral/Paola/Non_Degraded_Reef/May_2025/20250321_100400.WAV,{'bioph_cascading_saw'}
/home/s.kamboj.400/unzipped-coral/Paola/Degraded_Reef/Feb_March_2024_Pavonas/20240226_185200.WAV,{'bioph_cascading_saw'}
/home/s.kamboj.400/unzipped-coral/Paola/Degraded_Reef/Pavonas_June2025/20250623_234519.WAV,{'bioph_cascading_saw'}
/home/s.kamboj.400/unzipped-coral/Paola/Non_Degraded_Reef/May_2025/20250320_144401.WAV,{'bioph_cascading_saw'}
/home/s.kamboj.400/unzipped-coral/Paola/Degraded_Reef/Feb_March_2024_Pavonas/20240228_024300.WAV,{'bioph_cascading_saw'}
/home/s.kamboj.400/unzipped-coral/Paola/Degraded_Reef/Feb_March_2024_Pavonas/20240229_093200.WAV,{'bioph_cascading_saw'}
/home/s.kamboj.400/unzipped-coral/Paola/Non_Degraded_Reef/May_2025/20250322_171300.WAV,{'bioph_cascading_saw'}
/home/s.kamboj.400/unzipped-coral/Paola/Non_Degraded_Reef/May_2025/20250320_083400.WAV,{'bioph_cascading_saw'}
/home/s.kamboj.400/unzipped-coral/Paola/Non_Degraded_Reef/May_2025/20250315_153800.WAV,{'bioph_grouper_a'}
/home/s.kamboj.400/unzipped-coral/Paola/Degraded_Reef/April_2024_Pavonas/20240306_090000.WAV,{'bioph_cascading_saw'}
/home/s.kamboj.400/unzipped-coral/Paola/Degraded_Reef/Feb_March_2024_Pavonas/20240228_234700.WAV,{'bioph_cascading_saw'}
/home/s.kamboj.400/unzipped-coral/Paola/Non_Degraded_Reef/May_2025/20250322_145300.WAV,{'bioph_cascading_saw'}
/home/s.kamboj.400/unzipped-coral/Paola/Non_Degraded_Reef/May_2025/20250318_190100.WAV,{'bioph_cascading_saw'}
/home/s.kamboj.400/unzipped-coral/Paola/Degraded_Reef/April_2024_Pavonas/20240308_042900.WAV,{'bioph_cascading_saw'}
/home/s.kamboj.400/unzipped-coral/Paola/Non_Degraded_Reef/May_2025/20250322_161800.WAV,{'bioph_cascading_saw'}
/home/s.kamboj.400/unzipped-coral/Paola/Degraded_Reef/Pavonas_June2025/20250623_074319.WAV,{'bioph_cascading_saw'}
/home/s.kamboj.400/unzipped-coral/Paola/Degraded_Reef/April_2024_Pavonas/20240307_160500.WAV,{'bioph_cascading_saw'}
/home/s.kamboj.400/unzipped-coral/Paola/Degraded_Reef/Pavonas_June2025/20250621_061019.WAV,{'bioph_grouper_a'}
/home/s.kamboj.400/unzipped-coral/Paola/Degraded_Reef/Feb_March_2024_Pavonas/20240229_052800.WAV,{'bioph_cascading_saw'}
/home/s.kamboj.400/unzipped-coral/Paola/Degraded_Reef/Feb_March_2024_Pavonas/20240229_091500.WAV,{'bioph_cascading_saw'}
/home/s.kamboj.400/unzipped-coral/Paola/Degraded_Reef/Feb_March_2024_Pavonas/20240228_234000.WAV,{'bioph_holocentrus'}
/home/s.kamboj.400/unzipped-coral/Paola/Non_Degraded_Reef/May_2025/20250320_155900.WAV,{'bioph_cascading_saw'}
/home/s.kamboj.400/unzipped-coral/Paola/Non_Degraded_Reef/May_2025/20250317_230400.WAV,{'bioph_cascading_saw'}
/home/s.kamboj.400/unzipped-coral/Paola/Degraded_Reef/Pavonas_June2025/20250626_130721.WAV,{'bioph_cascading_saw'}
/home/s.kamboj.400/unzipped-coral/Paola/Non_Degraded_Reef/May_2025/20250318_184900.WAV,{'bioph_cascading_saw'}
/home/s.kamboj.400/unzipped-coral/Paola/Degraded_Reef/Pavonas_June2025/20250622_075825.WAV,{'bioph_cascading_saw'}
/home/s.kamboj.400/unzipped-coral/Paola/Degraded_Reef/Feb_March_2024_Pavonas/20240226_181500.WAV,{'bioph_cascading_saw'}
/home/s.kamboj.400/unzipped-coral/Paola/Degraded_Reef/Feb_March_2024_Pavonas/20240229_024000.WAV,{'bioph_holocentrus'}
/home/s.kamboj.400/unzipped-coral/Paola/Degraded_Reef/Pavonas_June2025/20250626_131420.WAV,{'bioph_cascading_saw'}
/home/s.kamboj.400/unzipped-coral/Paola/Degraded_Reef/Feb_March_2024_Pavonas/20240229_120000.WAV,"{'bioph_cascading_saw', 'bioph_pulse'}"
/home/s.kamboj.400/unzipped-coral/Paola/Degraded_Reef/Pavonas_June2025/20250625_190519.WAV,{'bioph_cascading_saw'}
/home/s.kamboj.400/unzipped-coral/Paola/Degraded_Reef/Feb_March_2024_Pavonas/20240228_163600.WAV,{'bioph_cascading_saw'}
/home/s.kamboj.400/unzipped-coral/Paola/Degraded_Reef/April_2024_Pavonas/20240308_212200.WAV,{'bioph_cascading_saw'}
/home/s.kamboj.400/unzipped-coral/Paola/Degraded_Reef/Feb_March_2024_Pavonas/20240229_115800.WAV,{'bioph_cascading_saw'}
/home/s.kamboj.400/unzipped-coral/Paola/Degraded_Reef/Pavonas_June2025/20250626_113020.WAV,{'bioph_cascading_saw'}
/home/s.kamboj.400/unzipped-coral/Paola/Degraded_Reef/April_2024_Pavonas/20240308_004400.WAV,{'bioph_cascading_saw'}
/home/s.kamboj.400/unzipped-coral/Paola/Degraded_Reef/Pavonas_June2025/20250626_135122.WAV,{'geoph_waves'}
/home/s.kamboj.400/unzipped-coral/Paola/Degraded_Reef/April_2024_Pavonas/20240308_221100.WAV,{'bioph_croak'}
/home/s.kamboj.400/unzipped-coral/Paola/Degraded_Reef/April_2024_Pavonas/20240306_030800.WAV,{'bioph_cascading_saw'}
/home/s.kamboj.400/unzipped-coral/Paola/Non_Degraded_Reef/May_2025/20250320_094600.WAV,{'bioph_cascading_saw'}
/home/s.kamboj.400/unzipped-coral/Paola/Degraded_Reef/Pavonas_June2025/20250626_125820.WAV,{'bioph_cascading_saw'}
/home/s.kamboj.400/unzipped-coral/Paola/Degraded_Reef/Feb_March_2024_Pavonas/20240228_194800.WAV,{'bioph_holocentrus'}
/home/s.kamboj.400/unzipped-coral/Paola/Degraded_Reef/April_2024_Pavonas/20240309_135500.WAV,{'bioph'}
/home/s.kamboj.400/unzipped-coral/Paola/Non_Degraded_Reef/July_2024/20240716_113200.WAV,{'bioph_cascading_saw'}
/home/s.kamboj.400/unzipped-coral/Paola/Degraded_Reef/Feb_March_2024_Pavonas/20240227_075100.WAV,{'bioph_holocentrus'}
/home/s.kamboj.400/unzipped-coral/Paola/Non_Degraded_Reef/July_2024/20240721_213000.WAV,{'bioph_cascading_saw'}
/home/s.kamboj.400/unzipped-coral/Paola/Non_Degraded_Reef/July_2024/20240721_042400.WAV,{'bioph_cascading_saw'}
/home/s.kamboj.400/unzipped-coral/Paola/Degraded_Reef/Pavonas_June2025/20250620_171519.WAV,{'bioph_cascading_saw'}
/home/s.kamboj.400/unzipped-coral/Paola/Degraded_Reef/Feb_March_2024_Pavonas/20240228_024500.WAV,{'bioph_cascading_saw'}
/home/s.kamboj.400/unzipped-coral/Paola/Degraded_Reef/Pavonas_June2025/20250626_201921.WAV,{'bioph_cascading_saw'}
/home/s.kamboj.400/unzipped-coral/Paola/Degraded_Reef/Feb_March_2024_Pavonas/20240227_173900.WAV,{'bioph_low_growl'}
/home/s.kamboj.400/unzipped-coral/Paola/Non_Degraded_Reef/July_2024/20240720_205000.WAV,{'bioph_cascading_saw'}
/home/s.kamboj.400/unzipped-coral/Paola/Degraded_Reef/Pavonas_June2025/20250625_204816.WAV,{'bioph_cascading_saw'}
/home/s.kamboj.400/unzipped-coral/Paola/Degraded_Reef/April_2024_Pavonas/20240309_003200.WAV,"{'bioph_cascading_saw', 'bioph_croak'}"
/home/s.kamboj.400/unzipped-coral/Paola/Degraded_Reef/Pavonas_June2025/20250627_081022.WAV,{'bioph_cascading_saw'}
/home/s.kamboj.400/unzipped-coral/Paola/Degraded_Reef/Pavonas_June2025/20250619_204118.WAV,{'bioph_cascading_saw'}
/home/s.kamboj.400/unzipped-coral/Paola/Degraded_Reef/Pavonas_June2025/20250626_124421.WAV,{'bioph_cascading_saw'}
/home/s.kamboj.400/unzipped-coral/Paola/Non_Degraded_Reef/May_2025/20250314_081601.WAV,{'bioph_cascading_saw'}
/home/s.kamboj.400/unzipped-coral/Paola/Degraded_Reef/April_2024_Pavonas/20240306_033200.WAV,{'bioph_cascading_saw'}
/home/s.kamboj.400/unzipped-coral/Paola/Degraded_Reef/April_2024_Pavonas/20240306_234000.WAV,{'bioph_cascading_saw'}
/home/s.kamboj.400/unzipped-coral/Paola/Non_Degraded_Reef/May_2025/20250322_210700.WAV,{'bioph_cascading_saw'}
/home/s.kamboj.400/unzipped-coral/Paola/Degraded_Reef/April_2024_Pavonas/20240308_083100.WAV,{'bioph_cascading_saw'}
/home/s.kamboj.400/unzipped-coral/Paola/Degraded_Reef/April_2024_Pavonas/20240307_172900.WAV,{'bioph_cascading_saw'}
/home/s.kamboj.400/unzipped-coral/Paola/Non_Degraded_Reef/May_2025/20250319_231800.WAV,{'bioph_cascading_saw'}
/home/s.kamboj.400/unzipped-coral/Paola/Degraded_Reef/Feb_March_2024_Pavonas/20240228_132700.WAV,{'bioph_holocentrus'}
/home/s.kamboj.400/unzipped-coral/Paola/Degraded_Reef/Pavonas_June2025/20250618_174717.WAV,{'bioph_cascading_saw'}
/home/s.kamboj.400/unzipped-coral/Paola/Degraded_Reef/Feb_March_2024_Pavonas/20240229_210200.WAV,{'bioph_cascading_saw'}
/home/s.kamboj.400/unzipped-coral/Paola/Degraded_Reef/Pavonas_June2025/20250626_121623.WAV,{'bioph_cascading_saw'}
/home/s.kamboj.400/unzipped-coral/Paola/Non_Degraded_Reef/May_2025/20250314_095000.WAV,{'bioph_cascading_saw'}
/home/s.kamboj.400/unzipped-coral/Paola/Non_Degraded_Reef/May_2025/20250320_154100.WAV,{'bioph_cascading_saw'}
/home/s.kamboj.400/unzipped-coral/Paola/Degraded_Reef/Pavonas_June2025/20250625_225219.WAV,{'bioph_cascading_saw'}
/home/s.kamboj.400/unzipped-coral/Paola/Non_Degraded_Reef/May_2025/20250321_072300.WAV,{'bioph_cascading_saw'}
/home/s.kamboj.400/unzipped-coral/Paola/Non_Degraded_Reef/May_2025/20250317_083800.WAV,{'bioph_cascading_saw'}
/home/s.kamboj.400/unzipped-coral/Paola/Degraded_Reef/Feb_March_2024_Pavonas/20240227_123300.WAV,{'bioph_holocentrus'}
/home/s.kamboj.400/unzipped-coral/Paola/Degraded_Reef/April_2024_Pavonas/20240309_222700.WAV,{'bioph_croak'}
/home/s.kamboj.400/unzipped-coral/Paola/Degraded_Reef/Feb_March_2024_Pavonas/20240228_164000.WAV,{'bioph_holocentrus'}
/home/s.kamboj.400/unzipped-coral/Paola/Degraded_Reef/Feb_March_2024_Pavonas/20240228_024700.WAV,{'bioph_cascading_saw'}
/home/s.kamboj.400/unzipped-coral/Paola/Non_Degraded_Reef/May_2025/20250320_163700.WAV,{'bioph_cascading_saw'}
/home/s.kamboj.400/unzipped-coral/Paola/Non_Degraded_Reef/May_2025/20250320_133801.WAV,{'bioph_cascading_saw'}
/home/s.kamboj.400/unzipped-coral/Paola/Degraded_Reef/Pavonas_June2025/20250621_081719.WAV,{'bioph_cascading_saw'}
/home/s.kamboj.400/unzipped-coral/Paola/Degraded_Reef/Feb_March_2024_Pavonas/20240229_074100.WAV,{'bioph_cascading_saw'}
/home/s.kamboj.400/unzipped-coral/Paola/Non_Degraded_Reef/May_2025/20250319_163600.WAV,{'bioph_cascading_saw'}
/home/s.kamboj.400/unzipped-coral/Paola/Degraded_Reef/Pavonas_June2025/20250627_180522.WAV,{'bioph_growl'}
/home/s.kamboj.400/unzipped-coral/Paola/Degraded_Reef/Feb_March_2024_Pavonas/20240227_031900.WAV,{'bioph_cascading_saw'}
/home/s.kamboj.400/unzipped-coral/Paola/Degraded_Reef/Feb_March_2024_Pavonas/20240227_050200.WAV,{'bioph_cascading_saw'}
/home/s.kamboj.400/unzipped-coral/Paola/Degraded_Reef/Pavonas_June2025/20250627_132824.WAV,{'bioph_cascading_saw'}
/home/s.kamboj.400/unzipped-coral/Paola/Non_Degraded_Reef/May_2025/20250317_115000.WAV,{'bioph_cascading_saw'}
/home/s.kamboj.400/unzipped-coral/Paola/Non_Degraded_Reef/May_2025/20250320_081200.WAV,{'bioph_cascading_saw'}
/home/s.kamboj.400/unzipped-coral/Paola/Non_Degraded_Reef/July_2024/20240723_043600.WAV,{'bioph_holocentrus'}
/home/s.kamboj.400/unzipped-coral/Paola/Degraded_Reef/April_2024_Pavonas/20240309_171500.WAV,{'bioph_cascading_saw'}
/home/s.kamboj.400/unzipped-coral/Paola/Non_Degraded_Reef/May_2025/20250322_145000.WAV,{'bioph_cascading_saw'}
/home/s.kamboj.400/unzipped-coral/Paola/Degraded_Reef/Feb_March_2024_Pavonas/20240228_212800.WAV,{'bioph_holocentrus'}
/home/s.kamboj.400/unzipped-coral/Paola/Non_Degraded_Reef/July_2024/20240718_102000.WAV,{'bioph_cascading_saw'}
/home/s.kamboj.400/unzipped-coral/Paola/Non_Degraded_Reef/May_2025/20250318_092900.WAV,{'bioph_cascading_saw'}
/home/s.kamboj.400/unzipped-coral/Paola/Degraded_Reef/Pavonas_June2025/20250623_235620.WAV,{'bioph_cascading_saw'}
/home/s.kamboj.400/unzipped-coral/Paola/Degraded_Reef/Feb_March_2024_Pavonas/20240227_012800.WAV,{'bioph_cascading_saw'}
/home/s.kamboj.400/unzipped-coral/Paola/Non_Degraded_Reef/July_2024/20240720_083400.WAV,{'bioph_cascading_saw'}
/home/s.kamboj.400/unzipped-coral/Paola/Non_Degraded_Reef/July_2024/20240718_154800.WAV,{'bioph_cascading_saw'}
/home/s.kamboj.400/unzipped-coral/Paola/Degraded_Reef/April_2024_Pavonas/20240308_020900.WAV,{'bioph_cascading_saw'}
/home/s.kamboj.400/unzipped-coral/Paola/Degraded_Reef/Pavonas_June2025/20250628_090134.WAV,{'bioph_cascading_saw'}
/home/s.kamboj.400/unzipped-coral/Paola/Non_Degraded_Reef/May_2025/20250322_075700.WAV,{'bioph_cascading_saw'}
/home/s.kamboj.400/unzipped-coral/Paola/Non_Degraded_Reef/May_2025/20250315_185901.WAV,{'bioph_cascading_saw'}
/home/s.kamboj.400/unzipped-coral/Paola/Non_Degraded_Reef/May_2025/20250322_160400.WAV,{'bioph_cascading_saw'}
/home/s.kamboj.400/unzipped-coral/Paola/Degraded_Reef/Feb_March_2024_Pavonas/20240228_203200.WAV,{'bioph_cascading_saw'}
/home/s.kamboj.400/unzipped-coral/Paola/Degraded_Reef/April_2024_Pavonas/20240309_213100.WAV,{'bioph_cascading_saw'}
/home/s.kamboj.400/unzipped-coral/Paola/Non_Degraded_Reef/May_2025/20250314_080200.WAV,{'bioph_cascading_saw'}
/home/s.kamboj.400/unzipped-coral/Paola/Degraded_Reef/Feb_March_2024_Pavonas/20240229_133400.WAV,{'bioph_cascading_saw'}
/home/s.kamboj.400/unzipped-coral/Paola/Non_Degraded_Reef/May_2025/20250321_182900.WAV,{'bioph_cascading_saw'}
/home/s.kamboj.400/unzipped-coral/Paola/Degraded_Reef/Feb_March_2024_Pavonas/20240228_134700.WAV,{'bioph_cascading_saw'}
/home/s.kamboj.400/unzipped-coral/Paola/Non_Degraded_Reef/May_2025/20250321_144000.WAV,{'bioph_cascading_saw'}
/home/s.kamboj.400/unzipped-coral/Paola/Degraded_Reef/Feb_March_2024_Pavonas/20240227_224700.WAV,{'bioph_cascading_saw'}
/home/s.kamboj.400/unzipped-coral/Paola/Non_Degraded_Reef/May_2025/20250322_165400.WAV,{'bioph_cascading_saw'}
/home/s.kamboj.400/unzipped-coral/Paola/Non_Degraded_Reef/July_2024/20240717_115400.WAV,{'bioph_cascading_saw'}
/home/s.kamboj.400/unzipped-coral/Paola/Degraded_Reef/April_2024_Pavonas/20240307_181400.WAV,{'bioph_cascading_saw'}
/home/s.kamboj.400/unzipped-coral/Paola/Non_Degraded_Reef/May_2025/20250316_073600.WAV,{'bioph_cascading_saw'}
/home/s.kamboj.400/unzipped-coral/Paola/Non_Degraded_Reef/May_2025/20250322_101700.WAV,{'bioph_cascading_saw'}
/home/s.kamboj.400/unzipped-coral/Paola/Non_Degraded_Reef/July_2024/20240722_073200.WAV,{'bioph_cascading_saw'}
/home/s.kamboj.400/unzipped-coral/Paola/Degraded_Reef/Pavonas_June2025/20250622_085021.WAV,{'bioph_cascading_saw'}
/home/s.kamboj.400/unzipped-coral/Paola/Degraded_Reef/Pavonas_June2025/20250622_122019.WAV,{'bioph_cascading_saw'}
/home/s.kamboj.400/unzipped-coral/Paola/Non_Degraded_Reef/May_2025/20250314_111400.WAV,{'bioph_cascading_saw'}
/home/s.kamboj.400/unzipped-coral/Paola/Non_Degraded_Reef/May_2025/20250319_092700.WAV,{'bioph_cascading_saw'}
/home/s.kamboj.400/unzipped-coral/Paola/Degraded_Reef/Pavonas_June2025/20250626_185715.WAV,{'bioph'}
/home/s.kamboj.400/unzipped-coral/Paola/Degraded_Reef/Pavonas_June2025/20250619_061417.WAV,{'bioph_cascading_saw'}
/home/s.kamboj.400/unzipped-coral/Paola/Degraded_Reef/Feb_March_2024_Pavonas/20240228_100700.WAV,{'bioph_cascading_saw'}
/home/s.kamboj.400/unzipped-coral/Paola/Degraded_Reef/April_2024_Pavonas/20240309_201700.WAV,{'bioph_cascading_saw'}
/home/s.kamboj.400/unzipped-coral/Paola/Degraded_Reef/Feb_March_2024_Pavonas/20240227_093500.WAV,"{'bioph_cascading_saw', 'bioph_holocentrus'}"
/home/s.kamboj.400/unzipped-coral/Paola/Non_Degraded_Reef/July_2024/20240719_104600.WAV,{'bioph_knock_croak_b'}
/home/s.kamboj.400/unzipped-coral/Paola/Degraded_Reef/Feb_March_2024_Pavonas/20240226_170800.WAV,{'bioph_croak'}
/home/s.kamboj.400/unzipped-coral/Paola/Degraded_Reef/Pavonas_June2025/20250623_201227.WAV,{'bioph_cascading_saw'}
/home/s.kamboj.400/unzipped-coral/Paola/Non_Degraded_Reef/May_2025/20250319_171300.WAV,{'bioph_cascading_saw'}
/home/s.kamboj.400/unzipped-coral/Paola/Degraded_Reef/Pavonas_June2025/20250625_133330.WAV,{'bioph_cascading_saw'}
/home/s.kamboj.400/unzipped-coral/Paola/Degraded_Reef/Pavonas_June2025/20250622_154319.WAV,{'bioph'}
/home/s.kamboj.400/unzipped-coral/Paola/Degraded_Reef/Feb_March_2024_Pavonas/20240228_025900.WAV,{'bioph_cascading_saw'}
/home/s.kamboj.400/unzipped-coral/Paola/Degraded_Reef/Feb_March_2024_Pavonas/20240228_022800.WAV,{'bioph_cascading_saw'}
/home/s.kamboj.400/unzipped-coral/Paola/Degraded_Reef/Pavonas_June2025/20250622_195519.WAV,{'bioph_cascading_saw'}
/home/s.kamboj.400/unzipped-coral/Paola/Degraded_Reef/Pavonas_June2025/20250628_103622.WAV,{'bioph_cascading_saw'}
/home/s.kamboj.400/unzipped-coral/Paola/Degraded_Reef/April_2024_Pavonas/20240307_202300.WAV,{'bioph_cascading_saw'}
/home/s.kamboj.400/unzipped-coral/Paola/Non_Degraded_Reef/May_2025/20250320_202700.WAV,{'bioph_cascading_saw'}
/home/s.kamboj.400/unzipped-coral/Paola/Non_Degraded_Reef/July_2024/20240724_140200.WAV,{'bioph_cascading_saw'}
/home/s.kamboj.400/unzipped-coral/Paola/Degraded_Reef/Pavonas_June2025/20250626_203920.WAV,{'bioph_cascading_saw'}
/home/s.kamboj.400/unzipped-coral/Paola/Non_Degraded_Reef/May_2025/20250319_181000.WAV,{'bioph_cascading_saw'}
/home/s.kamboj.400/unzipped-coral/Paola/Degraded_Reef/Pavonas_June2025/20250627_221115.WAV,{'bioph_cascading_saw'}
/home/s.kamboj.400/unzipped-coral/Paola/Degraded_Reef/Pavonas_June2025/20250620_230819.WAV,{'bioph_cascading_saw'}
/home/s.kamboj.400/unzipped-coral/Paola/Degraded_Reef/Pavonas_June2025/20250621_222719.WAV,{'bioph_cascading_saw'}
/home/s.kamboj.400/unzipped-coral/Paola/Degraded_Reef/Feb_March_2024_Pavonas/20240228_145800.WAV,{'bioph_croak'}
/home/s.kamboj.400/unzipped-coral/Paola/Non_Degraded_Reef/May_2025/20250322_080000.WAV,{'bioph_cascading_saw'}
/home/s.kamboj.400/unzipped-coral/Paola/Non_Degraded_Reef/May_2025/20250315_120300.WAV,{'bioph_cascading_saw'}
/home/s.kamboj.400/unzipped-coral/Paola/Degraded_Reef/April_2024_Pavonas/20240308_121400.WAV,{'bioph_cascading_saw'}
/home/s.kamboj.400/unzipped-coral/Paola/Degraded_Reef/Pavonas_June2025/20250622_070825.WAV,{'bioph_cascading_saw'}
/home/s.kamboj.400/unzipped-coral/Paola/Degraded_Reef/Pavonas_June2025/20250625_114820.WAV,{'bioph_low_growl'}
/home/s.kamboj.400/unzipped-coral/Paola/Non_Degraded_Reef/May_2025/20250314_170800.WAV,{'bioph_cascading_saw'}
/home/s.kamboj.400/unzipped-coral/Paola/Degraded_Reef/Feb_March_2024_Pavonas/20240228_092100.WAV,{'bioph_cascading_saw'}
/home/s.kamboj.400/unzipped-coral/Paola/Degraded_Reef/Feb_March_2024_Pavonas/20240227_041500.WAV,{'bioph_cascading_saw'}
/home/s.kamboj.400/unzipped-coral/Paola/Degraded_Reef/Pavonas_June2025/20250626_225715.WAV,{'bioph_cascading_saw'}
/home/s.kamboj.400/unzipped-coral/Paola/Degraded_Reef/Feb_March_2024_Pavonas/20240227_040000.WAV,{'bioph_cascading_saw'}
/home/s.kamboj.400/unzipped-coral/Paola/Degraded_Reef/Pavonas_June2025/20250625_191420.WAV,{'bioph_cascading_saw'}
/home/s.kamboj.400/unzipped-coral/Paola/Degraded_Reef/Pavonas_June2025/20250621_185019.WAV,{'bioph_cascading_saw'}
/home/s.kamboj.400/unzipped-coral/Paola/Degraded_Reef/Pavonas_June2025/20250626_112320.WAV,{'bioph_cascading_saw'}
/home/s.kamboj.400/unzipped-coral/Paola/Degraded_Reef/April_2024_Pavonas/20240307_215900.WAV,{'bioph_cascading_saw'}
/home/s.kamboj.400/unzipped-coral/Paola/Non_Degraded_Reef/May_2025/20250320_130100.WAV,{'bioph_cascading_saw'}
/home/s.kamboj.400/unzipped-coral/Paola/Non_Degraded_Reef/May_2025/20250317_135100.WAV,{'bioph_cascading_saw'}
/home/s.kamboj.400/unzipped-coral/Paola/Non_Degraded_Reef/May_2025/20250322_073600.WAV,{'bioph_cascading_saw'}
/home/s.kamboj.400/unzipped-coral/Paola/Non_Degraded_Reef/July_2024/20240720_141400.WAV,{'bioph_cascading_saw'}
/home/s.kamboj.400/unzipped-coral/Paola/Degraded_Reef/Feb_March_2024_Pavonas/20240227_063200.WAV,{'bioph_cascading_saw'}
/home/s.kamboj.400/unzipped-coral/Paola/Degraded_Reef/Feb_March_2024_Pavonas/20240228_060600.WAV,{'bioph_cascading_saw'}
/home/s.kamboj.400/unzipped-coral/Paola/Degraded_Reef/Pavonas_June2025/20250621_132924.WAV,{'bioph_cascading_saw'}
/home/s.kamboj.400/unzipped-coral/Paola/Non_Degraded_Reef/July_2024/20240720_072000.WAV,"{'bioph_cascading_saw', 'bioph'}"
/home/s.kamboj.400/unzipped-coral/Paola/Non_Degraded_Reef/May_2025/20250321_231000.WAV,{'bioph_cascading_saw'}
/home/s.kamboj.400/unzipped-coral/Paola/Degraded_Reef/Pavonas_June2025/20250628_112121.WAV,{'bioph_cascading_saw'}
/home/s.kamboj.400/unzipped-coral/Paola/Degraded_Reef/Pavonas_June2025/20250621_070119.WAV,{'bioph_cascading_saw'}
/home/s.kamboj.400/unzipped-coral/Paola/Non_Degraded_Reef/May_2025/20250320_074900.WAV,{'bioph_cascading_saw'}
/home/s.kamboj.400/unzipped-coral/Paola/Degraded_Reef/April_2024_Pavonas/20240307_121400.WAV,{'bioph_cascading_saw'}
/home/s.kamboj.400/unzipped-coral/Paola/Non_Degraded_Reef/May_2025/20250322_173900.WAV,{'bioph_cascading_saw'}
/home/s.kamboj.400/unzipped-coral/Paola/Non_Degraded_Reef/May_2025/20250321_145500.WAV,{'bioph_cascading_saw'}
/home/s.kamboj.400/unzipped-coral/Paola/Degraded_Reef/Pavonas_June2025/20250620_191319.WAV,{'bioph'}
/home/s.kamboj.400/unzipped-coral/Paola/Degraded_Reef/Feb_March_2024_Pavonas/20240228_182100.WAV,{'bioph_holocentrus'}
/home/s.kamboj.400/unzipped-coral/Paola/Degraded_Reef/Pavonas_June2025/20250619_071318.WAV,{'bioph_cascading_saw'}
/home/s.kamboj.400/unzipped-coral/Paola/Degraded_Reef/Pavonas_June2025/20250622_170219.WAV,{'bioph_cascading_saw'}
/home/s.kamboj.400/unzipped-coral/Paola/Non_Degraded_Reef/July_2024/20240720_101000.WAV,{'bioph_cascading_saw'}
/home/s.kamboj.400/unzipped-coral/Paola/Degraded_Reef/Feb_March_2024_Pavonas/20240229_123900.WAV,{'bioph_cascading_saw'}
/home/s.kamboj.400/unzipped-coral/Paola/Degraded_Reef/April_2024_Pavonas/20240307_203000.WAV,"{'bioph_cascading_saw', 'bioph_knock_croak_b'}"
/home/s.kamboj.400/unzipped-coral/Paola/Degraded_Reef/April_2024_Pavonas/20240309_074700.WAV,{'bioph_cascading_saw'}
/home/s.kamboj.400/unzipped-coral/Paola/Degraded_Reef/Feb_March_2024_Pavonas/20240228_123200.WAV,{'bioph_cascading_saw'}
/home/s.kamboj.400/unzipped-coral/Paola/Degraded_Reef/Pavonas_June2025/20250625_150620.WAV,{'bioph_cascading_saw'}
/home/s.kamboj.400/unzipped-coral/Paola/Degraded_Reef/Pavonas_June2025/20250626_123924.WAV,{'bioph_cascading_saw'}
/home/s.kamboj.400/unzipped-coral/Paola/Non_Degraded_Reef/July_2024/20240718_053800.WAV,{'bioph_cascading_saw'}
/home/s.kamboj.400/unzipped-coral/Paola/Degraded_Reef/Pavonas_June2025/20250624_094820.WAV,{'bioph_grouper_a'}
/home/s.kamboj.400/unzipped-coral/Paola/Degraded_Reef/Feb_March_2024_Pavonas/20240228_064700.WAV,{'bioph_cascading_saw'}
/home/s.kamboj.400/unzipped-coral/Paola/Degraded_Reef/April_2024_Pavonas/20240309_002300.WAV,{'bioph_cascading_saw'}
/home/s.kamboj.400/unzipped-coral/Paola/Degraded_Reef/Pavonas_June2025/20250622_075419.WAV,{'bioph_cascading_saw'}
/home/s.kamboj.400/unzipped-coral/Paola/Degraded_Reef/Pavonas_June2025/20250625_175520.WAV,{'bioph_cascading_saw'}
/home/s.kamboj.400/unzipped-coral/Paola/Degraded_Reef/Pavonas_June2025/20250627_193331.WAV,{'bioph_growl'}
/home/s.kamboj.400/unzipped-coral/Paola/Non_Degraded_Reef/May_2025/20250318_195100.WAV,{'bioph_cascading_saw'}
/home/s.kamboj.400/unzipped-coral/Paola/Non_Degraded_Reef/May_2025/20250319_160400.WAV,{'bioph_cascading_saw'}
/home/s.kamboj.400/unzipped-coral/Paola/Degraded_Reef/Feb_March_2024_Pavonas/20240227_012100.WAV,{'bioph_holocentrus'}
/home/s.kamboj.400/unzipped-coral/Paola/Non_Degraded_Reef/July_2024/20240717_170600.WAV,{'bioph_cascading_saw'}
/home/s.kamboj.400/unzipped-coral/Paola/Non_Degraded_Reef/May_2025/20250321_182400.WAV,{'bioph_cascading_saw'}
/home/s.kamboj.400/unzipped-coral/Paola/Degraded_Reef/Pavonas_June2025/20250626_084820.WAV,{'bioph_cascading_saw'}
/home/s.kamboj.400/unzipped-coral/Paola/Degraded_Reef/Pavonas_June2025/20250626_230825.WAV,{'bioph'}
/home/s.kamboj.400/unzipped-coral/Paola/Non_Degraded_Reef/May_2025/20250314_092600.WAV,{'bioph_cascading_saw'}
/home/s.kamboj.400/unzipped-coral/Paola/Non_Degraded_Reef/July_2024/20240721_051400.WAV,"{'bioph_cascading_saw', 'bioph_chatter'}"
/home/s.kamboj.400/unzipped-coral/Paola/Non_Degraded_Reef/May_2025/20250321_185500.WAV,{'bioph_cascading_saw'}
/home/s.kamboj.400/unzipped-coral/Paola/Non_Degraded_Reef/May_2025/20250318_115200.WAV,{'bioph_cascading_saw'}
/home/s.kamboj.400/unzipped-coral/Paola/Degraded_Reef/Pavonas_June2025/20250626_085020.WAV,{'bioph_holocentrus'}
/home/s.kamboj.400/unzipped-coral/Paola/Degraded_Reef/Feb_March_2024_Pavonas/20240227_052800.WAV,{'bioph_cascading_saw'}
/home/s.kamboj.400/unzipped-coral/Paola/Non_Degraded_Reef/May_2025/20250315_150600.WAV,{'bioph_cascading_saw'}
/home/s.kamboj.400/unzipped-coral/Paola/Degraded_Reef/Pavonas_June2025/20250627_105520.WAV,{'bioph_cascading_saw'}
/home/s.kamboj.400/unzipped-coral/Paola/Degraded_Reef/Feb_March_2024_Pavonas/20240227_121100.WAV,{'bioph_holocentrus'}
/home/s.kamboj.400/unzipped-coral/Paola/Degraded_Reef/Feb_March_2024_Pavonas/20240227_121400.WAV,{'bioph_holocentrus'}
/home/s.kamboj.400/unzipped-coral/Paola/Non_Degraded_Reef/July_2024/20240716_064000.WAV,{'bioph_cascading_saw'}
/home/s.kamboj.400/unzipped-coral/Paola/Non_Degraded_Reef/May_2025/20250318_091300.WAV,{'bioph_cascading_saw'}
/home/s.kamboj.400/unzipped-coral/Paola/Non_Degraded_Reef/July_2024/20240721_173400.WAV,{'bioph_cascading_saw'}
/home/s.kamboj.400/unzipped-coral/Paola/Non_Degraded_Reef/May_2025/20250323_094200.WAV,{'bioph_cascading_saw'}
/home/s.kamboj.400/unzipped-coral/Paola/Non_Degraded_Reef/July_2024/20240718_111800.WAV,{'bioph_cascading_saw'}
/home/s.kamboj.400/unzipped-coral/Paola/Non_Degraded_Reef/May_2025/20250323_091100.WAV,{'bioph_cascading_saw'}
/home/s.kamboj.400/unzipped-coral/Paola/Degraded_Reef/Feb_March_2024_Pavonas/20240228_151300.WAV,{'bioph_cascading_saw'}
/home/s.kamboj.400/unzipped-coral/Paola/Non_Degraded_Reef/May_2025/20250322_071600.WAV,{'bioph_cascading_saw'}
/home/s.kamboj.400/unzipped-coral/Paola/Degraded_Reef/Feb_March_2024_Pavonas/20240227_230700.WAV,{'bioph_cascading_saw'}
/home/s.kamboj.400/unzipped-coral/Paola/Non_Degraded_Reef/May_2025/20250322_094200.WAV,{'bioph_cascading_saw'}
/home/s.kamboj.400/unzipped-coral/Paola/Degraded_Reef/Feb_March_2024_Pavonas/20240228_124800.WAV,{'bioph_cascading_saw'}
/home/s.kamboj.400/unzipped-coral/Paola/Degraded_Reef/Pavonas_June2025/20250626_154921.WAV,{'bioph_cascading_saw'}
/home/s.kamboj.400/unzipped-coral/Paola/Degraded_Reef/Feb_March_2024_Pavonas/20240227_025600.WAV,{'bioph_cascading_saw'}
/home/s.kamboj.400/unzipped-coral/Paola/Non_Degraded_Reef/May_2025/20250322_102300.WAV,{'bioph_cascading_saw'}
/home/s.kamboj.400/unzipped-coral/Paola/Degraded_Reef/Feb_March_2024_Pavonas/20240228_224200.WAV,{'bioph_cascading_saw'}
/home/s.kamboj.400/unzipped-coral/Paola/Degraded_Reef/Pavonas_June2025/20250623_063119.WAV,{'bioph_cascading_saw'}
/home/s.kamboj.400/unzipped-coral/Paola/Non_Degraded_Reef/May_2025/20250320_112000.WAV,{'bioph_cascading_saw'}
/home/s.kamboj.400/unzipped-coral/Paola/Non_Degraded_Reef/May_2025/20250322_181600.WAV,{'bioph_cascading_saw'}
/home/s.kamboj.400/unzipped-coral/Paola/Non_Degraded_Reef/July_2024/20240717_124000.WAV,{'bioph_cascading_saw'}
/home/s.kamboj.400/unzipped-coral/Paola/Degraded_Reef/Pavonas_June2025/20250620_174618.WAV,{'bioph_cascading_saw'}
/home/s.kamboj.400/unzipped-coral/Paola/Degraded_Reef/Feb_March_2024_Pavonas/20240229_182100.WAV,{'bioph_cascading_saw'}
/home/s.kamboj.400/unzipped-coral/Paola/Degraded_Reef/April_2024_Pavonas/20240309_132600.WAV,"{'bioph_cascading_saw', 'bioph'}"
/home/s.kamboj.400/unzipped-coral/Paola/Degraded_Reef/Pavonas_June2025/20250626_133921.WAV,{'bioph_cascading_saw'}
/home/s.kamboj.400/unzipped-coral/Paola/Non_Degraded_Reef/May_2025/20250321_174600.WAV,{'bioph_cascading_saw'}
/home/s.kamboj.400/unzipped-coral/Paola/Non_Degraded_Reef/May_2025/20250318_160000.WAV,{'bioph_cascading_saw'}
/home/s.kamboj.400/unzipped-coral/Paola/Non_Degraded_Reef/May_2025/20250320_161100.WAV,{'bioph_cascading_saw'}
/home/s.kamboj.400/unzipped-coral/Paola/Non_Degraded_Reef/May_2025/20250315_190200.WAV,{'bioph_cascading_saw'}
/home/s.kamboj.400/unzipped-coral/Paola/Degraded_Reef/Pavonas_June2025/20250624_074721.WAV,{'bioph_cascading_saw'}
/home/s.kamboj.400/unzipped-coral/Paola/Degraded_Reef/Feb_March_2024_Pavonas/20240226_191600.WAV,{'bioph_cascading_saw'}
/home/s.kamboj.400/unzipped-coral/Paola/Non_Degraded_Reef/May_2025/20250318_195000.WAV,{'bioph_cascading_saw'}
/home/s.kamboj.400/unzipped-coral/Paola/Non_Degraded_Reef/May_2025/20250322_190100.WAV,{'bioph_cascading_saw'}
/home/s.kamboj.400/unzipped-coral/Paola/Non_Degraded_Reef/May_2025/20250323_103200.WAV,{'bioph_cascading_saw'}
/home/s.kamboj.400/unzipped-coral/Paola/Non_Degraded_Reef/May_2025/20250322_070500.WAV,{'bioph_cascading_saw'}
/home/s.kamboj.400/unzipped-coral/Paola/Non_Degraded_Reef/July_2024/20240717_142600.WAV,{'bioph_cascading_saw'}
/home/s.kamboj.400/unzipped-coral/Paola/Degraded_Reef/Feb_March_2024_Pavonas/20240228_133600.WAV,{'bioph_holocentrus'}
/home/s.kamboj.400/unzipped-coral/Paola/Degraded_Reef/Feb_March_2024_Pavonas/20240227_190500.WAV,{'bioph_cascading_saw'}
/home/s.kamboj.400/unzipped-coral/Paola/Degraded_Reef/Feb_March_2024_Pavonas/20240228_093800.WAV,{'bioph_cascading_saw'}
/home/s.kamboj.400/unzipped-coral/Paola/Non_Degraded_Reef/May_2025/20250317_085500.WAV,{'bioph_cascading_saw'}
/home/s.kamboj.400/unzipped-coral/Paola/Degraded_Reef/Feb_March_2024_Pavonas/20240228_221400.WAV,{'bioph'}
/home/s.kamboj.400/unzipped-coral/Paola/Degraded_Reef/Pavonas_June2025/20250627_071021.WAV,{'bioph_mycbon'}
/home/s.kamboj.400/unzipped-coral/Paola/Non_Degraded_Reef/May_2025/20250317_183800.WAV,{'bioph_cascading_saw'}
/home/s.kamboj.400/unzipped-coral/Paola/Non_Degraded_Reef/July_2024/20240717_081800.WAV,{'bioph_cascading_saw'}
/home/s.kamboj.400/unzipped-coral/Paola/Degraded_Reef/April_2024_Pavonas/20240309_010100.WAV,{'bioph_cascading_saw'}
/home/s.kamboj.400/unzipped-coral/Paola/Degraded_Reef/Feb_March_2024_Pavonas/20240227_132000.WAV,{'bioph_cascading_saw'}
/home/s.kamboj.400/unzipped-coral/Paola/Degraded_Reef/Feb_March_2024_Pavonas/20240227_075700.WAV,{'bioph_cascading_saw'}
/home/s.kamboj.400/unzipped-coral/Paola/Degraded_Reef/April_2024_Pavonas/20240307_041400.WAV,{'bioph_cascading_saw'}
/home/s.kamboj.400/unzipped-coral/Paola/Non_Degraded_Reef/May_2025/20250316_171900.WAV,{'bioph_cascading_saw'}
/home/s.kamboj.400/unzipped-coral/Paola/Degraded_Reef/Feb_March_2024_Pavonas/20240228_104200.WAV,"{'bioph_cascading_saw', 'bioph', 'geoph_waves'}"
/home/s.kamboj.400/unzipped-coral/Paola/Degraded_Reef/Pavonas_June2025/20250620_124818.WAV,{'bioph_cascading_saw'}
/home/s.kamboj.400/unzipped-coral/Paola/Degraded_Reef/Pavonas_June2025/20250624_110721.WAV,{'bioph_grouper_a'}
/home/s.kamboj.400/unzipped-coral/Paola/Non_Degraded_Reef/May_2025/20250317_181500.WAV,{'bioph_cascading_saw'}
/home/s.kamboj.400/unzipped-coral/Paola/Non_Degraded_Reef/July_2024/20240724_064800.WAV,{'bioph_cascading_saw'}
/home/s.kamboj.400/unzipped-coral/Paola/Non_Degraded_Reef/July_2024/20240724_095600.WAV,{'bioph_cascading_saw'}
/home/s.kamboj.400/unzipped-coral/Paola/Degraded_Reef/April_2024_Pavonas/20240306_030900.WAV,{'bioph_cascading_saw'}
/home/s.kamboj.400/unzipped-coral/Paola/Degraded_Reef/April_2024_Pavonas/20240307_065500.WAV,{'bioph_cascading_saw'}
/home/s.kamboj.400/unzipped-coral/Paola/Degraded_Reef/Pavonas_June2025/20250627_090115.WAV,{'bioph_mycbon'}
/home/s.kamboj.400/unzipped-coral/Paola/Non_Degraded_Reef/July_2024/20240723_143200.WAV,{'bioph_cascading_saw'}
/home/s.kamboj.400/unzipped-coral/Paola/Degraded_Reef/Pavonas_June2025/20250620_064118.WAV,{'bioph_cascading_saw'}
/home/s.kamboj.400/unzipped-coral/Paola/Non_Degraded_Reef/May_2025/20250316_232700.WAV,{'bioph_cascading_saw'}
/home/s.kamboj.400/unzipped-coral/Paola/Degraded_Reef/Feb_March_2024_Pavonas/20240227_063000.WAV,{'bioph_cascading_saw'}
/home/s.kamboj.400/unzipped-coral/Paola/Degraded_Reef/Feb_March_2024_Pavonas/20240228_191100.WAV,"{'bioph_cascading_saw', 'bioph'}"
/home/s.kamboj.400/unzipped-coral/Paola/Non_Degraded_Reef/May_2025/20250322_103200.WAV,{'bioph_cascading_saw'}
/home/s.kamboj.400/unzipped-coral/Paola/Degraded_Reef/Feb_March_2024_Pavonas/20240228_040800.WAV,{'bioph_cascading_saw'}
/home/s.kamboj.400/unzipped-coral/Paola/Non_Degraded_Reef/May_2025/20250318_191600.WAV,{'bioph_cascading_saw'}
/home/s.kamboj.400/unzipped-coral/Paola/Degraded_Reef/Feb_March_2024_Pavonas/20240229_083800.WAV,{'bioph_croak'}
/home/s.kamboj.400/unzipped-coral/Paola/Degraded_Reef/April_2024_Pavonas/20240308_054500.WAV,{'bioph_cascading_saw'}
/home/s.kamboj.400/unzipped-coral/Paola/Non_Degraded_Reef/May_2025/20250321_103900.WAV,{'bioph_cascading_saw'}
/home/s.kamboj.400/unzipped-coral/Paola/Non_Degraded_Reef/July_2024/20240716_073000.WAV,{'bioph_cascading_saw'}
/home/s.kamboj.400/unzipped-coral/Paola/Non_Degraded_Reef/May_2025/20250316_182800.WAV,{'bioph_cascading_saw'}
/home/s.kamboj.400/unzipped-coral/Paola/Non_Degraded_Reef/May_2025/20250320_142500.WAV,{'bioph_cascading_saw'}
/home/s.kamboj.400/unzipped-coral/Paola/Degraded_Reef/Feb_March_2024_Pavonas/20240228_002100.WAV,{'bioph_holocentrus'}
/home/s.kamboj.400/unzipped-coral/Paola/Degraded_Reef/Feb_March_2024_Pavonas/20240227_193500.WAV,{'bioph_holocentrus'}
/home/s.kamboj.400/unzipped-coral/Paola/Non_Degraded_Reef/May_2025/20250322_194105.WAV,{'bioph_cascading_saw'}
/home/s.kamboj.400/unzipped-coral/Paola/Non_Degraded_Reef/July_2024/20240718_072000.WAV,{'bioph_cascading_saw'}
/home/s.kamboj.400/unzipped-coral/Paola/Non_Degraded_Reef/July_2024/20240720_155000.WAV,{'bioph_cascading_saw'}
/home/s.kamboj.400/unzipped-coral/Paola/Non_Degraded_Reef/July_2024/20240716_172400.WAV,{'bioph_cascading_saw'}
/home/s.kamboj.400/unzipped-coral/Paola/Degraded_Reef/Feb_March_2024_Pavonas/20240228_004600.WAV,{'bioph_holocentrus'}
/home/s.kamboj.400/unzipped-coral/Paola/Degraded_Reef/Feb_March_2024_Pavonas/20240228_073300.WAV,{'bioph_cascading_saw'}
/home/s.kamboj.400/unzipped-coral/Paola/Degraded_Reef/April_2024_Pavonas/20240308_085800.WAV,{'bioph_cascading_saw'}
/home/s.kamboj.400/unzipped-coral/Paola/Degraded_Reef/Pavonas_June2025/20250622_231919.WAV,{'bioph_cascading_saw'}
/home/s.kamboj.400/unzipped-coral/Paola/Non_Degraded_Reef/May_2025/20250321_111804.WAV,{'bioph_cascading_saw'}
/home/s.kamboj.400/unzipped-coral/Paola/Non_Degraded_Reef/July_2024/20240718_121600.WAV,"{'bioph_cascading_saw', 'bioph'}"
/home/s.kamboj.400/unzipped-coral/Paola/Degraded_Reef/Feb_March_2024_Pavonas/20240228_023800.WAV,{'bioph_cascading_saw'}
/home/s.kamboj.400/unzipped-coral/Paola/Degraded_Reef/Feb_March_2024_Pavonas/20240227_124000.WAV,{'bioph_holocentrus'}
/home/s.kamboj.400/unzipped-coral/Paola/Degraded_Reef/Feb_March_2024_Pavonas/20240227_024200.WAV,{'bioph_cascading_saw'}
/home/s.kamboj.400/unzipped-coral/Paola/Non_Degraded_Reef/May_2025/20250322_183100.WAV,{'bioph_cascading_saw'}
/home/s.kamboj.400/unzipped-coral/Paola/Non_Degraded_Reef/May_2025/20250317_133100.WAV,{'bioph_cascading_saw'}
/home/s.kamboj.400/unzipped-coral/Paola/Degraded_Reef/Feb_March_2024_Pavonas/20240227_042800.WAV,{'bioph_cascading_saw'}
/home/s.kamboj.400/unzipped-coral/Paola/Degraded_Reef/Pavonas_June2025/20250625_173720.WAV,{'bioph_grouper_a'}
/home/s.kamboj.400/unzipped-coral/Paola/Non_Degraded_Reef/July_2024/20240717_204400.WAV,"{'bioph_cascading_saw', 'bioph_knock_croak_b'}"
/home/s.kamboj.400/unzipped-coral/Paola/Degraded_Reef/Pavonas_June2025/20250627_092021.WAV,{'bioph'}
/home/s.kamboj.400/unzipped-coral/Paola/Non_Degraded_Reef/May_2025/20250319_060803.WAV,{'bioph_cascading_saw'}
/home/s.kamboj.400/unzipped-coral/Paola/Non_Degraded_Reef/May_2025/20250322_182800.WAV,{'bioph_cascading_saw'}
/home/s.kamboj.400/unzipped-coral/Paola/Non_Degraded_Reef/May_2025/20250316_100900.WAV,{'bioph_cascading_saw'}
/home/s.kamboj.400/unzipped-coral/Paola/Degraded_Reef/Feb_March_2024_Pavonas/20240228_035200.WAV,{'bioph_cascading_saw'}
/home/s.kamboj.400/unzipped-coral/Paola/Non_Degraded_Reef/May_2025/20250315_073800.WAV,{'bioph_cascading_saw'}
/home/s.kamboj.400/unzipped-coral/Paola/Degraded_Reef/Pavonas_June2025/20250620_101720.WAV,{'bioph_cascading_saw'}
/home/s.kamboj.400/unzipped-coral/Paola/Non_Degraded_Reef/May_2025/20250320_075600.WAV,{'bioph_cascading_saw'}
/home/s.kamboj.400/unzipped-coral/Paola/Degraded_Reef/Feb_March_2024_Pavonas/20240227_074900.WAV,{'bioph_holocentrus'}
/home/s.kamboj.400/unzipped-coral/Paola/Degraded_Reef/April_2024_Pavonas/20240306_044400.WAV,{'bioph_cascading_saw'}
/home/s.kamboj.400/unzipped-coral/Paola/Degraded_Reef/Feb_March_2024_Pavonas/20240228_111500.WAV,{'bioph_cascading_saw'}
/home/s.kamboj.400/unzipped-coral/Paola/Degraded_Reef/Feb_March_2024_Pavonas/20240229_103200.WAV,"{'bioph_cascading_saw', 'bioph_holocentrus'}"
/home/s.kamboj.400/unzipped-coral/Paola/Non_Degraded_Reef/July_2024/20240722_192000.WAV,{'bioph'}
/home/s.kamboj.400/unzipped-coral/Paola/Degraded_Reef/Pavonas_June2025/20250622_124119.WAV,{'bioph_cascading_saw'}
/home/s.kamboj.400/unzipped-coral/Paola/Non_Degraded_Reef/May_2025/20250318_100200.WAV,{'bioph_cascading_saw'}
/home/s.kamboj.400/unzipped-coral/Paola/Degraded_Reef/Pavonas_June2025/20250625_180620.WAV,{'bioph_cascading_saw'}
/home/s.kamboj.400/unzipped-coral/Paola/Degraded_Reef/Pavonas_June2025/20250622_201020.WAV,{'bioph_cascading_saw'}
/home/s.kamboj.400/unzipped-coral/Paola/Degraded_Reef/Pavonas_June2025/20250618_195318.WAV,{'bioph_cascading_saw'}
/home/s.kamboj.400/unzipped-coral/Paola/Degraded_Reef/April_2024_Pavonas/20240308_220500.WAV,{'bioph_cascading_saw'}
/home/s.kamboj.400/unzipped-coral/Paola/Degraded_Reef/April_2024_Pavonas/20240308_065600.WAV,{'geoph_waves'}
/home/s.kamboj.400/unzipped-coral/Paola/Non_Degraded_Reef/May_2025/20250315_091500.WAV,{'bioph_cascading_saw'}
/home/s.kamboj.400/unzipped-coral/Paola/Degraded_Reef/Pavonas_June2025/20250619_111318.WAV,{'bioph_cascading_saw'}
/home/s.kamboj.400/unzipped-coral/Paola/Degraded_Reef/Feb_March_2024_Pavonas/20240226_213900.WAV,"{'bioph_cascading_saw', 'bioph_holocentrus'}"
/home/s.kamboj.400/unzipped-coral/Paola/Degraded_Reef/Feb_March_2024_Pavonas/20240228_133900.WAV,{'bioph_cascading_saw'}
/home/s.kamboj.400/unzipped-coral/Paola/Degraded_Reef/Feb_March_2024_Pavonas/20240227_150100.WAV,{'bioph_cascading_saw'}
/home/s.kamboj.400/unzipped-coral/Paola/Degraded_Reef/Pavonas_June2025/20250618_191118.WAV,{'bioph_cascading_saw'}
/home/s.kamboj.400/unzipped-coral/Paola/Degraded_Reef/Feb_March_2024_Pavonas/20240229_123400.WAV,{'bioph_cascading_saw'}
/home/s.kamboj.400/unzipped-coral/Paola/Degraded_Reef/Pavonas_June2025/20250627_131516.WAV,{'bioph_cascading_saw'}
/home/s.kamboj.400/unzipped-coral/Paola/Degraded_Reef/Feb_March_2024_Pavonas/20240227_212100.WAV,{'bioph_holocentrus'}
/home/s.kamboj.400/unzipped-coral/Paola/Degraded_Reef/Pavonas_June2025/20250626_193820.WAV,{'bioph_mycbon'}
/home/s.kamboj.400/unzipped-coral/Paola/Degraded_Reef/Feb_March_2024_Pavonas/20240228_072800.WAV,{'bioph_cascading_saw'}
/home/s.kamboj.400/unzipped-coral/Paola/Non_Degraded_Reef/May_2025/20250318_160400.WAV,{'bioph_cascading_saw'}
/home/s.kamboj.400/unzipped-coral/Paola/Degraded_Reef/Pavonas_June2025/20250627_230215.WAV,{'bioph_growl'}
/home/s.kamboj.400/unzipped-coral/Paola/Degraded_Reef/Feb_March_2024_Pavonas/20240226_192600.WAV,{'bioph_cascading_saw'}
/home/s.kamboj.400/unzipped-coral/Paola/Non_Degraded_Reef/July_2024/20240717_123400.WAV,{'bioph_cascading_saw'}
/home/s.kamboj.400/unzipped-coral/Paola/Degraded_Reef/Pavonas_June2025/20250621_183919.WAV,{'bioph_cascading_saw'}
/home/s.kamboj.400/unzipped-coral/Paola/Non_Degraded_Reef/May_2025/20250323_092300.WAV,{'bioph_cascading_saw'}
/home/s.kamboj.400/unzipped-coral/Paola/Non_Degraded_Reef/May_2025/20250319_085201.WAV,{'bioph_cascading_saw'}
/home/s.kamboj.400/unzipped-coral/Paola/Degraded_Reef/April_2024_Pavonas/20240307_232600.WAV,{'bioph_cascading_saw'}
/home/s.kamboj.400/unzipped-coral/Paola/Non_Degraded_Reef/July_2024/20240723_220000.WAV,{'bioph_holocentrus'}
/home/s.kamboj.400/unzipped-coral/Paola/Degraded_Reef/Pavonas_June2025/20250627_061719.WAV,{'bioph_cascading_saw'}
/home/s.kamboj.400/unzipped-coral/Paola/Non_Degraded_Reef/May_2025/20250322_062600.WAV,{'bioph_cascading_saw'}
/home/s.kamboj.400/unzipped-coral/Paola/Degraded_Reef/Pavonas_June2025/20250620_170118.WAV,{'bioph_cascading_saw'}
/home/s.kamboj.400/unzipped-coral/Paola/Degraded_Reef/Pavonas_June2025/20250620_120820.WAV,{'bioph_cascading_saw'}
/home/s.kamboj.400/unzipped-coral/Paola/Degraded_Reef/Feb_March_2024_Pavonas/20240228_050900.WAV,{'bioph_cascading_saw'}
/home/s.kamboj.400/unzipped-coral/Paola/Degraded_Reef/Pavonas_June2025/20250622_091325.WAV,{'bioph_cascading_saw'}
/home/s.kamboj.400/unzipped-coral/Paola/Degraded_Reef/Feb_March_2024_Pavonas/20240227_073100.WAV,{'bioph_cascading_saw'}
/home/s.kamboj.400/unzipped-coral/Paola/Degraded_Reef/Pavonas_June2025/20250622_205821.WAV,{'bioph_cascading_saw'}
/home/s.kamboj.400/unzipped-coral/Paola/Non_Degraded_Reef/May_2025/20250314_091400.WAV,{'bioph_cascading_saw'}
/home/s.kamboj.400/unzipped-coral/Paola/Degraded_Reef/Feb_March_2024_Pavonas/20240229_065200.WAV,{'bioph_cascading_saw'}
/home/s.kamboj.400/unzipped-coral/Paola/Non_Degraded_Reef/July_2024/20240720_155800.WAV,{'bioph_cascading_saw'}
/home/s.kamboj.400/unzipped-coral/Paola/Degraded_Reef/Feb_March_2024_Pavonas/20240228_131300.WAV,{'bioph_cascading_saw'}
/home/s.kamboj.400/unzipped-coral/Paola/Degraded_Reef/Pavonas_June2025/20250622_182622.WAV,{'bioph'}
/home/s.kamboj.400/unzipped-coral/Paola/Degraded_Reef/Pavonas_June2025/20250622_111916.WAV,{'bioph'}
/home/s.kamboj.400/unzipped-coral/Paola/Degraded_Reef/April_2024_Pavonas/20240307_121800.WAV,{'bioph_knock_croak_b'}
/home/s.kamboj.400/unzipped-coral/Paola/Non_Degraded_Reef/May_2025/20250317_170600.WAV,{'bioph_grouper_a'}
/home/s.kamboj.400/unzipped-coral/Paola/Non_Degraded_Reef/May_2025/20250319_094700.WAV,{'bioph_cascading_saw'}
/home/s.kamboj.400/unzipped-coral/Paola/Degraded_Reef/Pavonas_June2025/20250625_210521.WAV,{'bioph_cascading_saw'}
/home/s.kamboj.400/unzipped-coral/Paola/Non_Degraded_Reef/July_2024/20240719_072200.WAV,{'bioph_cascading_saw'}
/home/s.kamboj.400/unzipped-coral/Paola/Degraded_Reef/Pavonas_June2025/20250620_135918.WAV,{'bioph_cascading_saw'}
/home/s.kamboj.400/unzipped-coral/Paola/Degraded_Reef/Pavonas_June2025/20250621_222119.WAV,{'bioph_cascading_saw'}
/home/s.kamboj.400/unzipped-coral/Paola/Non_Degraded_Reef/May_2025/20250316_081200.WAV,{'bioph_cascading_saw'}
/home/s.kamboj.400/unzipped-coral/Paola/Degraded_Reef/Feb_March_2024_Pavonas/20240226_235000.WAV,{'bioph_holocentrus'}
/home/s.kamboj.400/unzipped-coral/Paola/Degraded_Reef/Feb_March_2024_Pavonas/20240228_113900.WAV,"{'bioph_cascading_saw', 'bioph_holocentrus'}"
/home/s.kamboj.400/unzipped-coral/Paola/Non_Degraded_Reef/May_2025/20250321_225600.WAV,{'bioph_cascading_saw'}
/home/s.kamboj.400/unzipped-coral/Paola/Degraded_Reef/Feb_March_2024_Pavonas/20240228_082900.WAV,{'bioph_cascading_saw'}
/home/s.kamboj.400/unzipped-coral/Paola/Non_Degraded_Reef/May_2025/20250320_080600.WAV,{'bioph_cascading_saw'}
/home/s.kamboj.400/unzipped-coral/Paola/Degraded_Reef/Pavonas_June2025/20250620_214318.WAV,{'bioph_cascading_saw'}
/home/s.kamboj.400/unzipped-coral/Paola/Degraded_Reef/Pavonas_June2025/20250620_234818.WAV,{'bioph_mycbon'}
/home/s.kamboj.400/unzipped-coral/Paola/Degraded_Reef/April_2024_Pavonas/20240308_131400.WAV,{'bioph_cascading_saw'}
/home/s.kamboj.400/unzipped-coral/Paola/Non_Degraded_Reef/May_2025/20250322_100000.WAV,{'bioph_cascading_saw'}
/home/s.kamboj.400/unzipped-coral/Paola/Non_Degraded_Reef/May_2025/20250323_065301.WAV,{'bioph_cascading_saw'}
/home/s.kamboj.400/unzipped-coral/Paola/Non_Degraded_Reef/May_2025/20250322_225000.WAV,{'bioph_cascading_saw'}
/home/s.kamboj.400/unzipped-coral/Paola/Degraded_Reef/Feb_March_2024_Pavonas/20240227_131500.WAV,{'bioph_cascading_saw'}
/home/s.kamboj.400/unzipped-coral/Paola/Degraded_Reef/Pavonas_June2025/20250620_112818.WAV,{'bioph_cascading_saw'}
/home/s.kamboj.400/unzipped-coral/Paola/Degraded_Reef/Pavonas_June2025/20250624_215821.WAV,{'bioph_cascading_saw'}
/home/s.kamboj.400/unzipped-coral/Paola/Degraded_Reef/April_2024_Pavonas/20240307_161600.WAV,{'bioph_cascading_saw'}
/home/s.kamboj.400/unzipped-coral/Paola/Non_Degraded_Reef/May_2025/20250320_084304.WAV,{'bioph_cascading_saw'}
/home/s.kamboj.400/unzipped-coral/Paola/Non_Degraded_Reef/July_2024/20240717_160600.WAV,{'bioph'}
/home/s.kamboj.400/unzipped-coral/Paola/Degraded_Reef/Feb_March_2024_Pavonas/20240227_235400.WAV,{'bioph_cascading_saw'}
/home/s.kamboj.400/unzipped-coral/Paola/Degraded_Reef/Feb_March_2024_Pavonas/20240229_182800.WAV,{'bioph_cascading_saw'}
/home/s.kamboj.400/unzipped-coral/Paola/Degraded_Reef/Feb_March_2024_Pavonas/20240226_162300.WAV,{'bioph'}
/home/s.kamboj.400/unzipped-coral/Paola/Degraded_Reef/Pavonas_June2025/20250620_133718.WAV,{'bioph_cascading_saw'}
/home/s.kamboj.400/unzipped-coral/Paola/Non_Degraded_Reef/May_2025/20250314_072800.WAV,{'bioph_cascading_saw'}
/home/s.kamboj.400/unzipped-coral/Paola/Degraded_Reef/April_2024_Pavonas/20240309_131801.WAV,{'bioph_cascading_saw'}
/home/s.kamboj.400/unzipped-coral/Paola/Degraded_Reef/Feb_March_2024_Pavonas/20240229_213900.WAV,{'bioph_cascading_saw'}
/home/s.kamboj.400/unzipped-coral/Paola/Degraded_Reef/Feb_March_2024_Pavonas/20240229_091100.WAV,{'bioph_cascading_saw'}
/home/s.kamboj.400/unzipped-coral/Paola/Degraded_Reef/Feb_March_2024_Pavonas/20240228_211000.WAV,{'bioph_holocentrus'}
/home/s.kamboj.400/unzipped-coral/Paola/Degraded_Reef/Pavonas_June2025/20250625_090427.WAV,{'bioph'}
/home/s.kamboj.400/unzipped-coral/Paola/Degraded_Reef/Feb_March_2024_Pavonas/20240226_190000.WAV,{'bioph_cascading_saw'}
/home/s.kamboj.400/unzipped-coral/Paola/Degraded_Reef/April_2024_Pavonas/20240307_180200.WAV,{'bioph_cascading_saw'}
/home/s.kamboj.400/unzipped-coral/Paola/Non_Degraded_Reef/July_2024/20240725_052400.WAV,{'bioph_cascading_saw'}
/home/s.kamboj.400/unzipped-coral/Paola/Non_Degraded_Reef/May_2025/20250323_092700.WAV,{'bioph_cascading_saw'}
/home/s.kamboj.400/unzipped-coral/Paola/Non_Degraded_Reef/July_2024/20240718_130800.WAV,"{'bioph_cascading_saw', 'bioph_holocentrus'}"
/home/s.kamboj.400/unzipped-coral/Paola/Non_Degraded_Reef/May_2025/20250320_101600.WAV,{'bioph_cascading_saw'}
/home/s.kamboj.400/unzipped-coral/Paola/Non_Degraded_Reef/May_2025/20250319_090903.WAV,{'bioph_cascading_saw'}
/home/s.kamboj.400/unzipped-coral/Paola/Degraded_Reef/Pavonas_June2025/20250623_202020.WAV,{'bioph_cascading_saw'}
/home/s.kamboj.400/unzipped-coral/Paola/Non_Degraded_Reef/May_2025/20250321_143501.WAV,{'bioph_cascading_saw'}
/home/s.kamboj.400/unzipped-coral/Paola/Degraded_Reef/April_2024_Pavonas/20240307_041900.WAV,{'bioph_cascading_saw'}
/home/s.kamboj.400/unzipped-coral/Paola/Degraded_Reef/Pavonas_June2025/20250621_115619.WAV,{'bioph_cascading_saw'}
/home/s.kamboj.400/unzipped-coral/Paola/Non_Degraded_Reef/May_2025/20250319_163500.WAV,{'bioph_cascading_saw'}
/home/s.kamboj.400/unzipped-coral/Paola/Degraded_Reef/Pavonas_June2025/20250627_135924.WAV,{'bioph_cascading_saw'}
/home/s.kamboj.400/unzipped-coral/Paola/Degraded_Reef/Pavonas_June2025/20250622_145119.WAV,"{'bioph_cascading_saw', 'bioph_holocentrus'}"
/home/s.kamboj.400/unzipped-coral/Paola/Degraded_Reef/Pavonas_June2025/20250619_102218.WAV,{'bioph_cascading_saw'}
/home/s.kamboj.400/unzipped-coral/Paola/Non_Degraded_Reef/July_2024/20240724_172600.WAV,{'bioph_grouper_a'}
/home/s.kamboj.400/unzipped-coral/Paola/Non_Degraded_Reef/July_2024/20240716_064600.WAV,{'bioph_cascading_saw'}
/home/s.kamboj.400/unzipped-coral/Paola/Degraded_Reef/Feb_March_2024_Pavonas/20240227_053500.WAV,{'bioph_cascading_saw'}
/home/s.kamboj.400/unzipped-coral/Paola/Degraded_Reef/April_2024_Pavonas/20240306_021500.WAV,{'bioph_cascading_saw'}
/home/s.kamboj.400/unzipped-coral/Paola/Degraded_Reef/Feb_March_2024_Pavonas/20240228_211300.WAV,{'bioph_holocentrus'}
/home/s.kamboj.400/unzipped-coral/Paola/Degraded_Reef/Pavonas_June2025/20250623_235519.WAV,{'bioph_cascading_saw'}
/home/s.kamboj.400/unzipped-coral/Paola/Degraded_Reef/Pavonas_June2025/20250620_095418.WAV,{'bioph_cascading_saw'}
/home/s.kamboj.400/unzipped-coral/Paola/Degraded_Reef/Feb_March_2024_Pavonas/20240228_072700.WAV,{'bioph_cascading_saw'}
/home/s.kamboj.400/unzipped-coral/Paola/Degraded_Reef/Pavonas_June2025/20250623_184120.WAV,{'bioph_cascading_saw'}
/home/s.kamboj.400/unzipped-coral/Paola/Degraded_Reef/Feb_March_2024_Pavonas/20240229_084500.WAV,{'bioph_cascading_saw'}
/home/s.kamboj.400/unzipped-coral/Paola/Degraded_Reef/Feb_March_2024_Pavonas/20240227_225900.WAV,{'bioph_cascading_saw'}
/home/s.kamboj.400/unzipped-coral/Paola/Degraded_Reef/Feb_March_2024_Pavonas/20240226_201400.WAV,{'bioph_cascading_saw'}
/home/s.kamboj.400/unzipped-coral/Paola/Degraded_Reef/Pavonas_June2025/20250623_185320.WAV,{'bioph_cascading_saw'}
/home/s.kamboj.400/unzipped-coral/Paola/Degraded_Reef/Feb_March_2024_Pavonas/20240227_192500.WAV,{'bioph_cascading_saw'}
/home/s.kamboj.400/unzipped-coral/Paola/Non_Degraded_Reef/May_2025/20250320_070301.WAV,{'bioph_cascading_saw'}
/home/s.kamboj.400/unzipped-coral/Paola/Degraded_Reef/Pavonas_June2025/20250625_153516.WAV,{'bioph'}
/home/s.kamboj.400/unzipped-coral/Paola/Non_Degraded_Reef/May_2025/20250315_093200.WAV,{'bioph_cascading_saw'}
/home/s.kamboj.400/unzipped-coral/Paola/Degraded_Reef/April_2024_Pavonas/20240308_133200.WAV,{'bioph_cascading_saw'}
/home/s.kamboj.400/unzipped-coral/Paola/Non_Degraded_Reef/May_2025/20250319_075300.WAV,{'bioph_cascading_saw'}
/home/s.kamboj.400/unzipped-coral/Paola/Degraded_Reef/Feb_March_2024_Pavonas/20240227_104100.WAV,"{'bioph_cascading_saw', 'bioph'}"
/home/s.kamboj.400/unzipped-coral/Paola/Degraded_Reef/Feb_March_2024_Pavonas/20240229_080100.WAV,{'bioph_cascading_saw'}
/home/s.kamboj.400/unzipped-coral/Paola/Non_Degraded_Reef/July_2024/20240722_134600.WAV,{'bioph_cascading_saw'}
/home/s.kamboj.400/unzipped-coral/Paola/Degraded_Reef/Pavonas_June2025/20250621_230220.WAV,{'bioph_cascading_saw'}
/home/s.kamboj.400/unzipped-coral/Paola/Degraded_Reef/Feb_March_2024_Pavonas/20240228_195900.WAV,{'bioph_cascading_saw'}
/home/s.kamboj.400/unzipped-coral/Paola/Degraded_Reef/Pavonas_June2025/20250619_174618.WAV,{'bioph_cascading_saw'}
/home/s.kamboj.400/unzipped-coral/Paola/Degraded_Reef/Feb_March_2024_Pavonas/20240227_204300.WAV,{'bioph_holocentrus'}
/home/s.kamboj.400/unzipped-coral/Paola/Non_Degraded_Reef/July_2024/20240719_210200.WAV,{'bioph_cascading_saw'}
/home/s.kamboj.400/unzipped-coral/Paola/Degraded_Reef/Pavonas_June2025/20250619_190218.WAV,{'bioph_cascading_saw'}
/home/s.kamboj.400/unzipped-coral/Paola/Degraded_Reef/Pavonas_June2025/20250620_203118.WAV,{'bioph_cascading_saw'}
/home/s.kamboj.400/unzipped-coral/Paola/Degraded_Reef/April_2024_Pavonas/20240306_031600.WAV,{'bioph_mycbon'}
/home/s.kamboj.400/unzipped-coral/Paola/Degraded_Reef/Pavonas_June2025/20250619_150719.WAV,{'bioph_cascading_saw'}
/home/s.kamboj.400/unzipped-coral/Paola/Degraded_Reef/April_2024_Pavonas/20240309_233100.WAV,{'bioph_cascading_saw'}
/home/s.kamboj.400/unzipped-coral/Paola/Non_Degraded_Reef/July_2024/20240718_040200.WAV,"{'bioph_cascading_saw', 'bioph_knock_croak_b'}"
/home/s.kamboj.400/unzipped-coral/Paola/Non_Degraded_Reef/July_2024/20240723_063200.WAV,{'bioph_cascading_saw'}
/home/s.kamboj.400/unzipped-coral/Paola/Degraded_Reef/Pavonas_June2025/20250625_134916.WAV,{'bioph_cascading_saw'}
/home/s.kamboj.400/unzipped-coral/Paola/Degraded_Reef/Feb_March_2024_Pavonas/20240227_211600.WAV,{'bioph_cascading_saw'}
/home/s.kamboj.400/unzipped-coral/Paola/Non_Degraded_Reef/July_2024/20240723_125600.WAV,{'bioph_cascading_saw'}
/home/s.kamboj.400/unzipped-coral/Paola/Non_Degraded_Reef/May_2025/20250319_152900.WAV,{'bioph_cascading_saw'}
/home/s.kamboj.400/unzipped-coral/Paola/Non_Degraded_Reef/May_2025/20250321_153700.WAV,{'bioph_cascading_saw'}
/home/s.kamboj.400/unzipped-coral/Paola/Non_Degraded_Reef/May_2025/20250320_115600.WAV,{'bioph_cascading_saw'}
/home/s.kamboj.400/unzipped-coral/Paola/Non_Degraded_Reef/May_2025/20250320_221500.WAV,{'bioph_cascading_saw'}
/home/s.kamboj.400/unzipped-coral/Paola/Degraded_Reef/Pavonas_June2025/20250626_200621.WAV,{'bioph_cascading_saw'}
/home/s.kamboj.400/unzipped-coral/Paola/Degraded_Reef/Pavonas_June2025/20250621_104418.WAV,{'bioph_pulse'}
/home/s.kamboj.400/unzipped-coral/Paola/Degraded_Reef/Pavonas_June2025/20250619_210818.WAV,{'bioph_cascading_saw'}
/home/s.kamboj.400/unzipped-coral/Paola/Degraded_Reef/April_2024_Pavonas/20240308_190400.WAV,{'bioph'}
/home/s.kamboj.400/unzipped-coral/Paola/Degraded_Reef/Pavonas_June2025/20250625_135114.WAV,{'bioph_cascading_saw'}
/home/s.kamboj.400/unzipped-coral/Paola/Non_Degraded_Reef/May_2025/20250315_185000.WAV,{'bioph_cascading_saw'}
/home/s.kamboj.400/unzipped-coral/Paola/Degraded_Reef/Feb_March_2024_Pavonas/20240226_222400.WAV,{'bioph_cascading_saw'}
/home/s.kamboj.400/unzipped-coral/Paola/Non_Degraded_Reef/July_2024/20240721_184400.WAV,{'bioph_cascading_saw'}
/home/s.kamboj.400/unzipped-coral/Paola/Non_Degraded_Reef/May_2025/20250317_130900.WAV,{'bioph_cascading_saw'}
/home/s.kamboj.400/unzipped-coral/Paola/Non_Degraded_Reef/May_2025/20250322_180600.WAV,{'bioph_cascading_saw'}
/home/s.kamboj.400/unzipped-coral/Paola/Degraded_Reef/Pavonas_June2025/20250628_084019.WAV,{'bioph'}
/home/s.kamboj.400/unzipped-coral/Paola/Non_Degraded_Reef/May_2025/20250317_072500.WAV,{'bioph_cascading_saw'}
/home/s.kamboj.400/unzipped-coral/Paola/Degraded_Reef/Pavonas_June2025/20250628_065715.WAV,{'bioph_cascading_saw'}
/home/s.kamboj.400/unzipped-coral/Paola/Non_Degraded_Reef/May_2025/20250322_184500.WAV,{'bioph_cascading_saw'}
/home/s.kamboj.400/unzipped-coral/Paola/Non_Degraded_Reef/May_2025/20250317_195501.WAV,{'bioph_cascading_saw'}
/home/s.kamboj.400/unzipped-coral/Paola/Non_Degraded_Reef/May_2025/20250321_220700.WAV,{'bioph_stridulation'}
/home/s.kamboj.400/unzipped-coral/Paola/Non_Degraded_Reef/May_2025/20250314_093600.WAV,{'bioph_cascading_saw'}
/home/s.kamboj.400/unzipped-coral/Paola/Non_Degraded_Reef/May_2025/20250320_091900.WAV,{'bioph_cascading_saw'}
/home/s.kamboj.400/unzipped-coral/Paola/Non_Degraded_Reef/July_2024/20240722_132400.WAV,{'bioph_cascading_saw'}
/home/s.kamboj.400/unzipped-coral/Paola/Degraded_Reef/April_2024_Pavonas/20240308_232100.WAV,{'bioph_cascading_saw'}
/home/s.kamboj.400/unzipped-coral/Paola/Degraded_Reef/Feb_March_2024_Pavonas/20240229_133700.WAV,{'bioph_cascading_saw'}
/home/s.kamboj.400/unzipped-coral/Paola/Non_Degraded_Reef/May_2025/20250320_214100.WAV,{'bioph_cascading_saw'}
/home/s.kamboj.400/unzipped-coral/Paola/Non_Degraded_Reef/July_2024/20240722_095200.WAV,{'bioph_cascading_saw'}
/home/s.kamboj.400/unzipped-coral/Paola/Degraded_Reef/April_2024_Pavonas/20240306_154500.WAV,{'bioph_cascading_saw'}
/home/s.kamboj.400/unzipped-coral/Paola/Degraded_Reef/April_2024_Pavonas/20240309_011600.WAV,{'bioph_cascading_saw'}
/home/s.kamboj.400/unzipped-coral/Paola/Degraded_Reef/Pavonas_June2025/20250619_103919.WAV,{'bioph_cascading_saw'}
/home/s.kamboj.400/unzipped-coral/Paola/Non_Degraded_Reef/May_2025/20250318_224300.WAV,{'bioph_cascading_saw'}
/home/s.kamboj.400/unzipped-coral/Paola/Degraded_Reef/Feb_March_2024_Pavonas/20240227_234400.WAV,{'bioph_cascading_saw'}
/home/s.kamboj.400/unzipped-coral/Paola/Non_Degraded_Reef/July_2024/20240719_153200.WAV,{'bioph_cascading_saw'}
/home/s.kamboj.400/unzipped-coral/Paola/Non_Degraded_Reef/May_2025/20250316_150000.WAV,{'bioph_cascading_saw'}
/home/s.kamboj.400/unzipped-coral/Paola/Degraded_Reef/April_2024_Pavonas/20240306_040200.WAV,{'bioph_cascading_saw'}
/home/s.kamboj.400/unzipped-coral/Paola/Degraded_Reef/April_2024_Pavonas/20240306_071300.WAV,{'bioph_cascading_saw'}
/home/s.kamboj.400/unzipped-coral/Paola/Degraded_Reef/Pavonas_June2025/20250628_093925.WAV,{'bioph'}
/home/s.kamboj.400/unzipped-coral/Paola/Degraded_Reef/Feb_March_2024_Pavonas/20240229_210000.WAV,{'bioph_cascading_saw'}
/home/s.kamboj.400/unzipped-coral/Paola/Degraded_Reef/April_2024_Pavonas/20240307_203800.WAV,{'bioph_knock_croak_b'}
/home/s.kamboj.400/unzipped-coral/Paola/Degraded_Reef/April_2024_Pavonas/20240308_042800.WAV,{'bioph_cascading_saw'}
/home/s.kamboj.400/unzipped-coral/Paola/Non_Degraded_Reef/May_2025/20250318_152202.WAV,{'bioph_cascading_saw'}
/home/s.kamboj.400/unzipped-coral/Paola/Non_Degraded_Reef/May_2025/20250318_092700.WAV,{'bioph_cascading_saw'}
/home/s.kamboj.400/unzipped-coral/Paola/Degraded_Reef/Pavonas_June2025/20250625_212320.WAV,{'bioph_cascading_saw'}
/home/s.kamboj.400/unzipped-coral/Paola/Non_Degraded_Reef/July_2024/20240717_063200.WAV,{'bioph_cascading_saw'}
/home/s.kamboj.400/unzipped-coral/Paola/Non_Degraded_Reef/May_2025/20250318_105000.WAV,{'bioph_cascading_saw'}
/home/s.kamboj.400/unzipped-coral/Paola/Degraded_Reef/April_2024_Pavonas/20240308_090700.WAV,{'bioph_cascading_saw'}
/home/s.kamboj.400/unzipped-coral/Paola/Degraded_Reef/Feb_March_2024_Pavonas/20240228_110500.WAV,{'bioph_cascading_saw'}
/home/s.kamboj.400/unzipped-coral/Paola/Degraded_Reef/Pavonas_June2025/20250623_183322.WAV,{'bioph_cascading_saw'}
/home/s.kamboj.400/unzipped-coral/Paola/Non_Degraded_Reef/May_2025/20250323_072000.WAV,{'bioph_cascading_saw'}
/home/s.kamboj.400/unzipped-coral/Paola/Non_Degraded_Reef/May_2025/20250321_233000.WAV,{'bioph_cascading_saw'}
/home/s.kamboj.400/unzipped-coral/Paola/Degraded_Reef/Feb_March_2024_Pavonas/20240227_104300.WAV,{'bioph_cascading_saw'}
/home/s.kamboj.400/unzipped-coral/Paola/Non_Degraded_Reef/May_2025/20250319_190203.WAV,{'bioph_cascading_saw'}
/home/s.kamboj.400/unzipped-coral/Paola/Degraded_Reef/Pavonas_June2025/20250619_192618.WAV,{'bioph_cascading_saw'}
/home/s.kamboj.400/unzipped-coral/Paola/Non_Degraded_Reef/July_2024/20240721_101600.WAV,{'bioph_cascading_saw'}